"student_id";"subject_id";"prilimias_mark_pr";"parlimias_pr_total";"prilimias_mark_th";"parlimias_th_total";"terminal_mark_pr";"terminal_pr_total";"terminal_mark_th";"terminal_th_total";"final_mark_pr";"final_pr_total";"final_mark_th";"final_mark_th_total";"examdate";"attendence"
1;1;4;20;14;30;18;20;23;30;28;30;14;70;"2024-01-12";"p"
2;1;19;20;4;30;8;20;11;30;20;30;1;70;"2024-01-12";"p"
3;1;7;20;17;30;9;20;23;30;24;30;28;70;"2024-01-12";"p"
4;1;4;20;20;30;18;20;3;30;29;30;52;70;"2024-01-12";"p"
5;1;0;20;0;30;0;20;0;30;0;30;0;70;"2024-01-12";"a"
6;1;0;20;0;30;0;20;0;30;0;30;0;70;"2024-01-12";"a"
7;1;7;20;22;30;5;20;16;30;18;30;20;70;"2024-01-12";"p"
8;1;10;20;23;30;14;20;5;30;19;30;62;70;"2024-01-12";"p"
9;1;18;20;13;30;17;20;6;30;13;30;39;70;"2024-01-12";"p"
10;1;1;20;20;30;4;20;3;30;19;30;11;70;"2024-01-12";"p"
11;1;0;20;0;30;0;20;0;30;0;30;0;70;"2024-01-12";"a"
12;1;8;20;18;30;4;20;16;30;4;30;39;70;"2024-01-12";"p"
13;1;2;20;12;30;11;20;4;30;1;30;14;70;"2024-01-12";"p"
14;1;20;20;21;30;8;20;17;30;5;30;5;70;"2024-01-12";"p"
15;1;19;20;4;30;1;20;5;30;3;30;46;70;"2024-01-12";"p"
16;1;10;20;26;30;8;20;21;30;16;30;48;70;"2024-01-12";"p"
17;1;9;20;19;30;13;20;3;30;16;30;9;70;"2024-01-12";"p"
18;1;9;20;27;30;5;20;18;30;25;30;56;70;"2024-01-12";"p"
19;1;2;20;25;30;11;20;5;30;7;30;36;70;"2024-01-12";"p"
20;1;14;20;12;30;1;20;3;30;5;30;57;70;"2024-01-12";"p"
21;1;0;20;0;30;0;20;0;30;0;30;0;70;"2024-01-12";"a"
22;1;18;20;14;30;11;20;12;30;17;30;14;70;"2024-01-12";"p"
23;1;10;20;2;30;3;20;4;30;10;30;33;70;"2024-01-12";"p"
24;1;1;20;12;30;2;20;7;30;12;30;25;70;"2024-01-12";"p"
25;1;4;20;15;30;6;20;24;30;25;30;30;70;"2024-01-12";"p"
26;1;17;20;18;30;15;20;12;30;17;30;46;70;"2024-01-12";"p"
27;1;0;20;0;30;0;20;0;30;0;30;0;70;"2024-01-12";"a"
28;1;0;20;0;30;0;20;0;30;0;30;0;70;"2024-01-12";"a"
29;1;4;20;30;30;14;20;7;30;9;30;7;70;"2024-01-12";"p"
30;1;0;20;0;30;0;20;0;30;0;30;0;70;"2024-01-12";"a"
31;1;17;20;25;30;20;20;4;30;3;30;5;70;"2024-01-12";"p"
32;1;17;20;18;30;13;20;30;30;3;30;46;70;"2024-01-12";"p"
33;1;3;20;2;30;11;20;6;30;29;30;30;70;"2024-01-12";"p"
34;1;0;20;0;30;0;20;0;30;0;30;0;70;"2024-01-12";"a"
35;1;6;20;11;30;9;20;23;30;12;30;51;70;"2024-01-12";"p"
36;1;15;20;24;30;1;20;9;30;28;30;20;70;"2024-01-12";"p"
37;1;0;20;0;30;0;20;0;30;0;30;0;70;"2024-01-12";"a"
38;1;0;20;0;30;0;20;0;30;0;30;0;70;"2024-01-12";"a"
39;1;2;20;12;30;11;20;22;30;14;30;5;70;"2024-01-12";"p"
40;1;0;20;0;30;0;20;0;30;0;30;0;70;"2024-01-12";"a"
41;1;3;20;11;30;6;20;22;30;8;30;57;70;"2024-01-12";"p"
42;1;0;20;0;30;0;20;0;30;0;30;0;70;"2024-01-12";"a"
43;1;0;20;0;30;0;20;0;30;0;30;0;70;"2024-01-12";"a"
44;1;9;20;24;30;17;20;3;30;23;30;12;70;"2024-01-12";"p"
45;1;0;20;0;30;0;20;0;30;0;30;0;70;"2024-01-12";"a"
46;1;14;20;7;30;6;20;8;30;29;30;68;70;"2024-01-12";"p"
47;1;0;20;0;30;0;20;0;30;0;30;0;70;"2024-01-12";"a"
48;1;2;20;3;30;17;20;20;30;12;30;34;70;"2024-01-12";"p"
49;1;0;20;0;30;0;20;0;30;0;30;0;70;"2024-01-12";"a"
50;1;19;20;14;30;17;20;6;30;2;30;49;70;"2024-01-12";"p"
51;1;14;20;24;30;19;20;14;30;22;30;37;70;"2024-01-12";"p"
52;1;0;20;0;30;0;20;0;30;0;30;0;70;"2024-01-12";"a"
53;1;16;20;21;30;8;20;16;30;9;30;25;70;"2024-01-12";"p"
54;1;0;20;0;30;0;20;0;30;0;30;0;70;"2024-01-12";"a"
55;1;0;20;0;30;0;20;0;30;0;30;0;70;"2024-01-12";"a"
56;1;20;20;4;30;10;20;28;30;21;30;58;70;"2024-01-12";"p"
57;1;11;20;24;30;1;20;1;30;19;30;19;70;"2024-01-12";"p"
58;1;10;20;30;30;5;20;24;30;25;30;41;70;"2024-01-12";"p"
59;1;3;20;9;30;12;20;16;30;9;30;5;70;"2024-01-12";"p"
60;1;0;20;0;30;0;20;0;30;0;30;0;70;"2024-01-12";"a"
61;1;14;20;24;30;9;20;4;30;3;30;58;70;"2024-01-12";"p"
62;1;0;20;0;30;0;20;0;30;0;30;0;70;"2024-01-12";"a"
63;1;0;20;0;30;0;20;0;30;0;30;0;70;"2024-01-12";"a"
64;1;20;20;17;30;9;20;17;30;22;30;2;70;"2024-01-12";"p"
65;1;2;20;26;30;3;20;22;30;10;30;59;70;"2024-01-12";"p"
66;1;6;20;29;30;1;20;27;30;27;30;57;70;"2024-01-12";"p"
67;1;2;20;14;30;7;20;14;30;30;30;60;70;"2024-01-12";"p"
68;1;12;20;29;30;19;20;5;30;21;30;6;70;"2024-01-12";"p"
69;1;0;20;0;30;0;20;0;30;0;30;0;70;"2024-01-12";"a"
70;1;0;20;0;30;0;20;0;30;0;30;0;70;"2024-01-12";"a"
71;1;0;20;0;30;0;20;0;30;0;30;0;70;"2024-01-12";"a"
72;1;9;20;4;30;16;20;8;30;14;30;7;70;"2024-01-12";"p"
73;1;16;20;19;30;3;20;19;30;19;30;52;70;"2024-01-12";"p"
74;1;0;20;0;30;0;20;0;30;0;30;0;70;"2024-01-12";"a"
75;1;0;20;0;30;0;20;0;30;0;30;0;70;"2024-01-12";"a"
76;1;1;20;21;30;5;20;9;30;11;30;31;70;"2024-01-12";"p"
77;1;7;20;10;30;12;20;10;30;6;30;63;70;"2024-01-12";"p"
78;1;2;20;30;30;4;20;19;30;9;30;66;70;"2024-01-12";"p"
79;1;6;20;17;30;7;20;15;30;3;30;58;70;"2024-01-12";"p"
80;1;20;20;3;30;6;20;13;30;23;30;18;70;"2024-01-12";"p"
81;1;0;20;0;30;0;20;0;30;0;30;0;70;"2024-01-12";"a"
82;1;9;20;6;30;20;20;20;30;4;30;18;70;"2024-01-12";"p"
83;1;0;20;0;30;0;20;0;30;0;30;0;70;"2024-01-12";"a"
84;1;14;20;25;30;10;20;12;30;4;30;46;70;"2024-01-12";"p"
85;1;0;20;0;30;0;20;0;30;0;30;0;70;"2024-01-12";"a"
86;1;7;20;6;30;6;20;3;30;2;30;46;70;"2024-01-12";"p"
87;1;20;20;8;30;20;20;2;30;29;30;45;70;"2024-01-12";"p"
88;1;10;20;7;30;12;20;17;30;14;30;54;70;"2024-01-12";"p"
89;1;0;20;0;30;0;20;0;30;0;30;0;70;"2024-01-12";"a"
90;1;0;20;0;30;0;20;0;30;0;30;0;70;"2024-01-12";"a"
91;1;12;20;15;30;8;20;6;30;9;30;44;70;"2024-01-12";"p"
92;1;4;20;10;30;4;20;4;30;29;30;13;70;"2024-01-12";"p"
93;1;19;20;12;30;3;20;20;30;27;30;1;70;"2024-01-12";"p"
94;1;7;20;27;30;18;20;3;30;15;30;40;70;"2024-01-12";"p"
95;1;14;20;21;30;20;20;4;30;5;30;65;70;"2024-01-12";"p"
96;1;0;20;0;30;0;20;0;30;0;30;0;70;"2024-01-12";"a"
97;1;0;20;0;30;0;20;0;30;0;30;0;70;"2024-01-12";"a"
98;1;11;20;8;30;3;20;4;30;11;30;70;70;"2024-01-12";"p"
99;1;5;20;17;30;4;20;16;30;23;30;15;70;"2024-01-12";"p"
100;1;3;20;27;30;5;20;7;30;19;30;27;70;"2024-01-12";"p"
101;1;16;20;15;30;18;20;17;30;14;30;39;70;"2024-01-12";"p"
102;1;0;20;0;30;0;20;0;30;0;30;0;70;"2024-01-12";"a"
103;1;7;20;11;30;9;20;11;30;22;30;26;70;"2024-01-12";"p"
104;1;10;20;17;30;10;20;1;30;6;30;9;70;"2024-01-12";"p"
105;1;6;20;6;30;12;20;11;30;2;30;13;70;"2024-01-12";"p"
106;1;7;20;22;30;4;20;15;30;26;30;14;70;"2024-01-12";"p"
107;1;12;20;2;30;4;20;20;30;2;30;9;70;"2024-01-12";"p"
108;1;0;20;0;30;0;20;0;30;0;30;0;70;"2024-01-12";"a"
109;1;0;20;0;30;0;20;0;30;0;30;0;70;"2024-01-12";"a"
110;1;0;20;0;30;0;20;0;30;0;30;0;70;"2024-01-12";"a"
111;1;8;20;30;30;19;20;1;30;26;30;43;70;"2024-01-12";"p"
112;1;0;20;0;30;0;20;0;30;0;30;0;70;"2024-01-12";"a"
113;1;20;20;14;30;18;20;21;30;14;30;2;70;"2024-01-12";"p"
114;1;5;20;26;30;4;20;4;30;28;30;8;70;"2024-01-12";"p"
115;1;0;20;0;30;0;20;0;30;0;30;0;70;"2024-01-12";"a"
116;1;10;20;15;30;20;20;12;30;26;30;5;70;"2024-01-12";"p"
117;1;4;20;7;30;14;20;14;30;4;30;43;70;"2024-01-12";"p"
118;1;19;20;16;30;9;20;22;30;7;30;4;70;"2024-01-12";"p"
119;1;7;20;14;30;18;20;15;30;6;30;18;70;"2024-01-12";"p"
120;1;0;20;0;30;0;20;0;30;0;30;0;70;"2024-01-12";"a"
121;1;0;20;0;30;0;20;0;30;0;30;0;70;"2024-01-12";"a"
122;1;0;20;0;30;0;20;0;30;0;30;0;70;"2024-01-12";"a"
123;1;0;20;0;30;0;20;0;30;0;30;0;70;"2024-01-12";"a"
124;1;11;20;27;30;16;20;20;30;8;30;38;70;"2024-01-12";"p"
125;1;0;20;0;30;0;20;0;30;0;30;0;70;"2024-01-12";"a"
126;1;10;20;26;30;19;20;1;30;26;30;34;70;"2024-01-12";"p"
127;1;0;20;0;30;0;20;0;30;0;30;0;70;"2024-01-12";"a"
128;1;0;20;0;30;0;20;0;30;0;30;0;70;"2024-01-12";"a"
129;1;0;20;0;30;0;20;0;30;0;30;0;70;"2024-01-12";"a"
130;1;0;20;0;30;0;20;0;30;0;30;0;70;"2024-01-12";"a"
131;1;0;20;0;30;0;20;0;30;0;30;0;70;"2024-01-12";"a"
132;1;11;20;7;30;20;20;5;30;16;30;54;70;"2024-01-12";"p"
133;1;11;20;29;30;5;20;21;30;24;30;17;70;"2024-01-12";"p"
134;1;0;20;0;30;0;20;0;30;0;30;0;70;"2024-01-12";"a"
135;1;0;20;0;30;0;20;0;30;0;30;0;70;"2024-01-12";"a"
136;1;0;20;0;30;0;20;0;30;0;30;0;70;"2024-01-12";"a"
137;1;2;20;24;30;15;20;30;30;11;30;32;70;"2024-01-12";"p"
138;1;4;20;11;30;16;20;16;30;13;30;68;70;"2024-01-12";"p"
139;1;16;20;23;30;14;20;19;30;4;30;43;70;"2024-01-12";"p"
140;1;15;20;17;30;16;20;2;30;3;30;45;70;"2024-01-12";"p"
141;1;0;20;0;30;0;20;0;30;0;30;0;70;"2024-01-12";"a"
142;1;0;20;0;30;0;20;0;30;0;30;0;70;"2024-01-12";"a"
143;1;0;20;0;30;0;20;0;30;0;30;0;70;"2024-01-12";"a"
144;1;0;20;0;30;0;20;0;30;0;30;0;70;"2024-01-12";"a"
145;1;8;20;28;30;18;20;24;30;18;30;27;70;"2024-01-12";"p"
146;1;12;20;9;30;16;20;21;30;9;30;69;70;"2024-01-12";"p"
147;1;4;20;13;30;1;20;7;30;6;30;44;70;"2024-01-12";"p"
148;1;0;20;0;30;0;20;0;30;0;30;0;70;"2024-01-12";"a"
149;1;11;20;1;30;5;20;8;30;11;30;43;70;"2024-01-12";"p"
150;1;0;20;0;30;0;20;0;30;0;30;0;70;"2024-01-12";"a"
151;1;0;20;0;30;0;20;0;30;0;30;0;70;"2024-01-12";"a"
152;1;0;20;0;30;0;20;0;30;0;30;0;70;"2024-01-12";"a"
153;1;19;20;6;30;16;20;19;30;25;30;52;70;"2024-01-12";"p"
154;1;10;20;29;30;2;20;17;30;26;30;27;70;"2024-01-12";"p"
155;1;3;20;5;30;1;20;17;30;17;30;8;70;"2024-01-12";"p"
156;1;16;20;11;30;19;20;18;30;8;30;36;70;"2024-01-12";"p"
157;1;0;20;0;30;0;20;0;30;0;30;0;70;"2024-01-12";"a"
158;1;12;20;7;30;7;20;7;30;28;30;44;70;"2024-01-12";"p"
159;1;10;20;27;30;5;20;12;30;28;30;39;70;"2024-01-12";"p"
160;1;15;20;17;30;14;20;22;30;19;30;68;70;"2024-01-12";"p"
161;1;11;20;29;30;10;20;30;30;30;30;45;70;"2024-01-12";"p"
162;1;15;20;23;30;8;20;13;30;24;30;15;70;"2024-01-12";"p"
163;1;0;20;0;30;0;20;0;30;0;30;0;70;"2024-01-12";"a"
164;1;0;20;0;30;0;20;0;30;0;30;0;70;"2024-01-12";"a"
165;1;0;20;0;30;0;20;0;30;0;30;0;70;"2024-01-12";"a"
166;1;2;20;15;30;7;20;10;30;20;30;61;70;"2024-01-12";"p"
167;1;14;20;10;30;7;20;21;30;28;30;62;70;"2024-01-12";"p"
168;1;6;20;28;30;11;20;10;30;10;30;49;70;"2024-01-12";"p"
169;1;4;20;23;30;8;20;2;30;3;30;31;70;"2024-01-12";"p"
170;1;15;20;13;30;17;20;29;30;11;30;51;70;"2024-01-12";"p"
171;1;2;20;14;30;20;20;2;30;27;30;27;70;"2024-01-12";"p"
172;1;0;20;0;30;0;20;0;30;0;30;0;70;"2024-01-12";"a"
173;1;6;20;30;30;4;20;18;30;17;30;22;70;"2024-01-12";"p"
174;1;14;20;26;30;8;20;28;30;24;30;50;70;"2024-01-12";"p"
175;1;9;20;2;30;17;20;22;30;27;30;62;70;"2024-01-12";"p"
176;1;6;20;27;30;5;20;24;30;3;30;59;70;"2024-01-12";"p"
177;1;0;20;0;30;0;20;0;30;0;30;0;70;"2024-01-12";"a"
178;1;0;20;0;30;0;20;0;30;0;30;0;70;"2024-01-12";"a"
179;1;0;20;0;30;0;20;0;30;0;30;0;70;"2024-01-12";"a"
180;1;0;20;0;30;0;20;0;30;0;30;0;70;"2024-01-12";"a"
181;1;0;20;0;30;0;20;0;30;0;30;0;70;"2024-01-12";"a"
182;1;0;20;0;30;0;20;0;30;0;30;0;70;"2024-01-12";"a"
183;1;0;20;0;30;0;20;0;30;0;30;0;70;"2024-01-12";"a"
184;1;20;20;5;30;19;20;7;30;24;30;18;70;"2024-01-12";"p"
185;1;13;20;17;30;7;20;8;30;24;30;40;70;"2024-01-12";"p"
186;1;0;20;0;30;0;20;0;30;0;30;0;70;"2024-01-12";"a"
187;1;9;20;3;30;13;20;12;30;13;30;26;70;"2024-01-12";"p"
188;1;0;20;0;30;0;20;0;30;0;30;0;70;"2024-01-12";"a"
189;1;17;20;21;30;9;20;22;30;7;30;58;70;"2024-01-12";"p"
190;1;15;20;8;30;7;20;7;30;2;30;48;70;"2024-01-12";"p"
191;1;15;20;20;30;7;20;10;30;28;30;1;70;"2024-01-12";"p"
192;1;0;20;0;30;0;20;0;30;0;30;0;70;"2024-01-12";"a"
193;1;0;20;0;30;0;20;0;30;0;30;0;70;"2024-01-12";"a"
194;1;0;20;0;30;0;20;0;30;0;30;0;70;"2024-01-12";"a"
195;1;0;20;0;30;0;20;0;30;0;30;0;70;"2024-01-12";"a"
196;1;0;20;0;30;0;20;0;30;0;30;0;70;"2024-01-12";"a"
197;1;8;20;17;30;20;20;30;30;12;30;10;70;"2024-01-12";"p"
198;1;14;20;12;30;6;20;17;30;18;30;64;70;"2024-01-12";"p"
199;1;12;20;8;30;16;20;1;30;5;30;62;70;"2024-01-12";"p"
200;1;0;20;0;30;0;20;0;30;0;30;0;70;"2024-01-12";"a"
1;2;18;20;18;30;9;20;4;30;2;30;70;70;"2024-01-13";"p"
2;2;5;20;18;30;20;20;20;30;3;30;57;70;"2024-01-13";"p"
3;2;0;20;0;30;0;20;0;30;0;30;0;70;"2024-01-13";"a"
4;2;10;20;24;30;19;20;3;30;29;30;67;70;"2024-01-13";"p"
5;2;12;20;1;30;10;20;1;30;9;30;19;70;"2024-01-13";"p"
6;2;16;20;16;30;12;20;27;30;13;30;45;70;"2024-01-13";"p"
7;2;7;20;22;30;6;20;12;30;27;30;44;70;"2024-01-13";"p"
8;2;0;20;0;30;0;20;0;30;0;30;0;70;"2024-01-13";"a"
9;2;0;20;0;30;0;20;0;30;0;30;0;70;"2024-01-13";"a"
10;2;9;20;23;30;9;20;2;30;24;30;28;70;"2024-01-13";"p"
11;2;19;20;27;30;15;20;26;30;29;30;41;70;"2024-01-13";"p"
12;2;0;20;0;30;0;20;0;30;0;30;0;70;"2024-01-13";"a"
13;2;0;20;0;30;0;20;0;30;0;30;0;70;"2024-01-13";"a"
14;2;5;20;5;30;5;20;27;30;3;30;46;70;"2024-01-13";"p"
15;2;12;20;28;30;10;20;22;30;18;30;53;70;"2024-01-13";"p"
16;2;0;20;0;30;0;20;0;30;0;30;0;70;"2024-01-13";"a"
17;2;0;20;0;30;0;20;0;30;0;30;0;70;"2024-01-13";"a"
18;2;0;20;0;30;0;20;0;30;0;30;0;70;"2024-01-13";"a"
19;2;0;20;0;30;0;20;0;30;0;30;0;70;"2024-01-13";"a"
20;2;0;20;0;30;0;20;0;30;0;30;0;70;"2024-01-13";"a"
21;2;10;20;29;30;15;20;12;30;6;30;6;70;"2024-01-13";"p"
22;2;0;20;0;30;0;20;0;30;0;30;0;70;"2024-01-13";"a"
23;2;16;20;30;30;4;20;27;30;23;30;42;70;"2024-01-13";"p"
24;2;0;20;0;30;0;20;0;30;0;30;0;70;"2024-01-13";"a"
25;2;0;20;0;30;0;20;0;30;0;30;0;70;"2024-01-13";"a"
26;2;0;20;0;30;0;20;0;30;0;30;0;70;"2024-01-13";"a"
27;2;5;20;29;30;8;20;22;30;27;30;41;70;"2024-01-13";"p"
28;2;12;20;12;30;2;20;6;30;26;30;1;70;"2024-01-13";"p"
29;2;0;20;0;30;0;20;0;30;0;30;0;70;"2024-01-13";"a"
30;2;0;20;0;30;0;20;0;30;0;30;0;70;"2024-01-13";"a"
31;2;0;20;0;30;0;20;0;30;0;30;0;70;"2024-01-13";"a"
32;2;0;20;0;30;0;20;0;30;0;30;0;70;"2024-01-13";"a"
33;2;1;20;23;30;14;20;9;30;16;30;54;70;"2024-01-13";"p"
34;2;0;20;0;30;0;20;0;30;0;30;0;70;"2024-01-13";"a"
35;2;0;20;0;30;0;20;0;30;0;30;0;70;"2024-01-13";"a"
36;2;5;20;4;30;10;20;9;30;30;30;12;70;"2024-01-13";"p"
37;2;0;20;0;30;0;20;0;30;0;30;0;70;"2024-01-13";"a"
38;2;9;20;26;30;9;20;21;30;12;30;38;70;"2024-01-13";"p"
39;2;10;20;30;30;10;20;20;30;3;30;59;70;"2024-01-13";"p"
40;2;18;20;22;30;10;20;27;30;14;30;26;70;"2024-01-13";"p"
41;2;0;20;0;30;0;20;0;30;0;30;0;70;"2024-01-13";"a"
42;2;0;20;0;30;0;20;0;30;0;30;0;70;"2024-01-13";"a"
43;2;0;20;0;30;0;20;0;30;0;30;0;70;"2024-01-13";"a"
44;2;4;20;21;30;13;20;30;30;20;30;39;70;"2024-01-13";"p"
45;2;0;20;0;30;0;20;0;30;0;30;0;70;"2024-01-13";"a"
46;2;0;20;0;30;0;20;0;30;0;30;0;70;"2024-01-13";"a"
47;2;0;20;0;30;0;20;0;30;0;30;0;70;"2024-01-13";"a"
48;2;0;20;0;30;0;20;0;30;0;30;0;70;"2024-01-13";"a"
49;2;0;20;0;30;0;20;0;30;0;30;0;70;"2024-01-13";"a"
50;2;0;20;0;30;0;20;0;30;0;30;0;70;"2024-01-13";"a"
51;2;1;20;12;30;8;20;3;30;14;30;41;70;"2024-01-13";"p"
52;2;0;20;0;30;0;20;0;30;0;30;0;70;"2024-01-13";"a"
53;2;0;20;0;30;0;20;0;30;0;30;0;70;"2024-01-13";"a"
54;2;12;20;4;30;12;20;12;30;15;30;31;70;"2024-01-13";"p"
55;2;0;20;0;30;0;20;0;30;0;30;0;70;"2024-01-13";"a"
56;2;15;20;22;30;15;20;26;30;9;30;55;70;"2024-01-13";"p"
57;2;7;20;10;30;12;20;18;30;23;30;5;70;"2024-01-13";"p"
58;2;1;20;6;30;4;20;6;30;21;30;55;70;"2024-01-13";"p"
59;2;10;20;5;30;7;20;22;30;9;30;60;70;"2024-01-13";"p"
60;2;13;20;19;30;2;20;4;30;12;30;20;70;"2024-01-13";"p"
61;2;0;20;0;30;0;20;0;30;0;30;0;70;"2024-01-13";"a"
62;2;8;20;7;30;15;20;24;30;13;30;68;70;"2024-01-13";"p"
63;2;0;20;0;30;0;20;0;30;0;30;0;70;"2024-01-13";"a"
64;2;9;20;22;30;18;20;27;30;4;30;47;70;"2024-01-13";"p"
65;2;0;20;0;30;0;20;0;30;0;30;0;70;"2024-01-13";"a"
66;2;0;20;0;30;0;20;0;30;0;30;0;70;"2024-01-13";"a"
67;2;0;20;0;30;0;20;0;30;0;30;0;70;"2024-01-13";"a"
68;2;0;20;0;30;0;20;0;30;0;30;0;70;"2024-01-13";"a"
69;2;0;20;0;30;0;20;0;30;0;30;0;70;"2024-01-13";"a"
70;2;20;20;14;30;10;20;13;30;5;30;10;70;"2024-01-13";"p"
71;2;11;20;2;30;3;20;21;30;3;30;54;70;"2024-01-13";"p"
72;2;9;20;11;30;5;20;11;30;23;30;62;70;"2024-01-13";"p"
73;2;0;20;0;30;0;20;0;30;0;30;0;70;"2024-01-13";"a"
74;2;14;20;27;30;17;20;7;30;20;30;5;70;"2024-01-13";"p"
75;2;0;20;0;30;0;20;0;30;0;30;0;70;"2024-01-13";"a"
76;2;19;20;13;30;17;20;14;30;2;30;70;70;"2024-01-13";"p"
77;2;2;20;1;30;11;20;15;30;10;30;50;70;"2024-01-13";"p"
78;2;0;20;0;30;0;20;0;30;0;30;0;70;"2024-01-13";"a"
79;2;18;20;12;30;16;20;7;30;28;30;49;70;"2024-01-13";"p"
80;2;18;20;8;30;15;20;13;30;9;30;22;70;"2024-01-13";"p"
81;2;19;20;20;30;1;20;17;30;5;30;18;70;"2024-01-13";"p"
82;2;9;20;21;30;6;20;29;30;6;30;13;70;"2024-01-13";"p"
83;2;0;20;0;30;0;20;0;30;0;30;0;70;"2024-01-13";"a"
84;2;0;20;0;30;0;20;0;30;0;30;0;70;"2024-01-13";"a"
85;2;1;20;21;30;3;20;2;30;9;30;59;70;"2024-01-13";"p"
86;2;0;20;0;30;0;20;0;30;0;30;0;70;"2024-01-13";"a"
87;2;0;20;0;30;0;20;0;30;0;30;0;70;"2024-01-13";"a"
88;2;0;20;0;30;0;20;0;30;0;30;0;70;"2024-01-13";"a"
89;2;0;20;0;30;0;20;0;30;0;30;0;70;"2024-01-13";"a"
90;2;0;20;0;30;0;20;0;30;0;30;0;70;"2024-01-13";"a"
91;2;0;20;0;30;0;20;0;30;0;30;0;70;"2024-01-13";"a"
92;2;0;20;0;30;0;20;0;30;0;30;0;70;"2024-01-13";"a"
93;2;20;20;10;30;8;20;1;30;8;30;2;70;"2024-01-13";"p"
94;2;0;20;0;30;0;20;0;30;0;30;0;70;"2024-01-13";"a"
95;2;11;20;29;30;16;20;27;30;19;30;64;70;"2024-01-13";"p"
96;2;17;20;30;30;18;20;8;30;6;30;60;70;"2024-01-13";"p"
97;2;17;20;3;30;15;20;3;30;12;30;9;70;"2024-01-13";"p"
98;2;0;20;0;30;0;20;0;30;0;30;0;70;"2024-01-13";"a"
99;2;4;20;30;30;16;20;16;30;17;30;3;70;"2024-01-13";"p"
100;2;0;20;0;30;0;20;0;30;0;30;0;70;"2024-01-13";"a"
101;2;0;20;0;30;0;20;0;30;0;30;0;70;"2024-01-13";"a"
102;2;18;20;9;30;20;20;8;30;24;30;58;70;"2024-01-13";"p"
103;2;0;20;0;30;0;20;0;30;0;30;0;70;"2024-01-13";"a"
104;2;15;20;24;30;10;20;6;30;3;30;38;70;"2024-01-13";"p"
105;2;17;20;6;30;20;20;22;30;7;30;40;70;"2024-01-13";"p"
106;2;0;20;0;30;0;20;0;30;0;30;0;70;"2024-01-13";"a"
107;2;7;20;8;30;15;20;29;30;10;30;36;70;"2024-01-13";"p"
108;2;0;20;0;30;0;20;0;30;0;30;0;70;"2024-01-13";"a"
109;2;0;20;0;30;0;20;0;30;0;30;0;70;"2024-01-13";"a"
110;2;0;20;0;30;0;20;0;30;0;30;0;70;"2024-01-13";"a"
111;2;10;20;2;30;5;20;24;30;18;30;13;70;"2024-01-13";"p"
112;2;2;20;21;30;14;20;6;30;3;30;7;70;"2024-01-13";"p"
113;2;0;20;0;30;0;20;0;30;0;30;0;70;"2024-01-13";"a"
114;2;0;20;0;30;0;20;0;30;0;30;0;70;"2024-01-13";"a"
115;2;18;20;4;30;14;20;7;30;11;30;58;70;"2024-01-13";"p"
116;2;20;20;11;30;16;20;24;30;23;30;19;70;"2024-01-13";"p"
117;2;2;20;2;30;6;20;18;30;20;30;57;70;"2024-01-13";"p"
118;2;7;20;9;30;9;20;8;30;16;30;68;70;"2024-01-13";"p"
119;2;3;20;20;30;10;20;21;30;5;30;25;70;"2024-01-13";"p"
120;2;8;20;7;30;6;20;11;30;15;30;56;70;"2024-01-13";"p"
121;2;18;20;4;30;9;20;21;30;1;30;13;70;"2024-01-13";"p"
122;2;15;20;22;30;4;20;7;30;19;30;36;70;"2024-01-13";"p"
123;2;8;20;25;30;2;20;4;30;13;30;26;70;"2024-01-13";"p"
124;2;0;20;0;30;0;20;0;30;0;30;0;70;"2024-01-13";"a"
125;2;0;20;0;30;0;20;0;30;0;30;0;70;"2024-01-13";"a"
126;2;8;20;1;30;10;20;28;30;10;30;44;70;"2024-01-13";"p"
127;2;15;20;28;30;13;20;15;30;2;30;70;70;"2024-01-13";"p"
128;2;13;20;29;30;19;20;29;30;29;30;24;70;"2024-01-13";"p"
129;2;0;20;0;30;0;20;0;30;0;30;0;70;"2024-01-13";"a"
130;2;18;20;17;30;17;20;14;30;26;30;26;70;"2024-01-13";"p"
131;2;0;20;0;30;0;20;0;30;0;30;0;70;"2024-01-13";"a"
132;2;0;20;0;30;0;20;0;30;0;30;0;70;"2024-01-13";"a"
133;2;0;20;0;30;0;20;0;30;0;30;0;70;"2024-01-13";"a"
134;2;13;20;18;30;13;20;11;30;7;30;7;70;"2024-01-13";"p"
135;2;0;20;0;30;0;20;0;30;0;30;0;70;"2024-01-13";"a"
136;2;0;20;0;30;0;20;0;30;0;30;0;70;"2024-01-13";"a"
137;2;0;20;0;30;0;20;0;30;0;30;0;70;"2024-01-13";"a"
138;2;0;20;0;30;0;20;0;30;0;30;0;70;"2024-01-13";"a"
139;2;0;20;0;30;0;20;0;30;0;30;0;70;"2024-01-13";"a"
140;2;12;20;18;30;11;20;16;30;27;30;70;70;"2024-01-13";"p"
141;2;0;20;0;30;0;20;0;30;0;30;0;70;"2024-01-13";"a"
142;2;3;20;12;30;16;20;16;30;25;30;48;70;"2024-01-13";"p"
143;2;0;20;0;30;0;20;0;30;0;30;0;70;"2024-01-13";"a"
144;2;0;20;0;30;0;20;0;30;0;30;0;70;"2024-01-13";"a"
145;2;0;20;0;30;0;20;0;30;0;30;0;70;"2024-01-13";"a"
146;2;17;20;3;30;3;20;8;30;29;30;8;70;"2024-01-13";"p"
147;2;0;20;0;30;0;20;0;30;0;30;0;70;"2024-01-13";"a"
148;2;17;20;6;30;20;20;3;30;6;30;57;70;"2024-01-13";"p"
149;2;4;20;10;30;5;20;1;30;12;30;3;70;"2024-01-13";"p"
150;2;20;20;15;30;11;20;22;30;10;30;21;70;"2024-01-13";"p"
151;2;0;20;0;30;0;20;0;30;0;30;0;70;"2024-01-13";"a"
152;2;8;20;19;30;11;20;16;30;22;30;21;70;"2024-01-13";"p"
153;2;0;20;0;30;0;20;0;30;0;30;0;70;"2024-01-13";"a"
154;2;13;20;2;30;15;20;21;30;6;30;5;70;"2024-01-13";"p"
155;2;18;20;7;30;4;20;15;30;13;30;66;70;"2024-01-13";"p"
156;2;20;20;11;30;13;20;26;30;26;30;26;70;"2024-01-13";"p"
157;2;0;20;0;30;0;20;0;30;0;30;0;70;"2024-01-13";"a"
158;2;7;20;10;30;10;20;1;30;21;30;54;70;"2024-01-13";"p"
159;2;17;20;2;30;18;20;28;30;4;30;9;70;"2024-01-13";"p"
160;2;9;20;3;30;19;20;1;30;2;30;9;70;"2024-01-13";"p"
161;2;0;20;0;30;0;20;0;30;0;30;0;70;"2024-01-13";"a"
162;2;2;20;1;30;13;20;25;30;18;30;63;70;"2024-01-13";"p"
163;2;0;20;0;30;0;20;0;30;0;30;0;70;"2024-01-13";"a"
164;2;2;20;21;30;5;20;13;30;17;30;66;70;"2024-01-13";"p"
165;2;15;20;6;30;6;20;3;30;12;30;16;70;"2024-01-13";"p"
166;2;6;20;12;30;17;20;18;30;24;30;1;70;"2024-01-13";"p"
167;2;0;20;0;30;0;20;0;30;0;30;0;70;"2024-01-13";"a"
168;2;1;20;19;30;2;20;11;30;20;30;27;70;"2024-01-13";"p"
169;2;0;20;0;30;0;20;0;30;0;30;0;70;"2024-01-13";"a"
170;2;17;20;26;30;14;20;7;30;7;30;19;70;"2024-01-13";"p"
171;2;0;20;0;30;0;20;0;30;0;30;0;70;"2024-01-13";"a"
172;2;1;20;30;30;10;20;6;30;14;30;45;70;"2024-01-13";"p"
173;2;17;20;12;30;9;20;19;30;12;30;29;70;"2024-01-13";"p"
174;2;7;20;21;30;1;20;24;30;11;30;10;70;"2024-01-13";"p"
175;2;19;20;20;30;17;20;11;30;30;30;36;70;"2024-01-13";"p"
176;2;0;20;0;30;0;20;0;30;0;30;0;70;"2024-01-13";"a"
177;2;0;20;0;30;0;20;0;30;0;30;0;70;"2024-01-13";"a"
178;2;0;20;0;30;0;20;0;30;0;30;0;70;"2024-01-13";"a"
179;2;7;20;7;30;14;20;25;30;11;30;31;70;"2024-01-13";"p"
180;2;7;20;8;30;9;20;26;30;5;30;67;70;"2024-01-13";"p"
181;2;0;20;0;30;0;20;0;30;0;30;0;70;"2024-01-13";"a"
182;2;0;20;0;30;0;20;0;30;0;30;0;70;"2024-01-13";"a"
183;2;0;20;0;30;0;20;0;30;0;30;0;70;"2024-01-13";"a"
184;2;0;20;0;30;0;20;0;30;0;30;0;70;"2024-01-13";"a"
185;2;0;20;0;30;0;20;0;30;0;30;0;70;"2024-01-13";"a"
186;2;0;20;0;30;0;20;0;30;0;30;0;70;"2024-01-13";"a"
187;2;17;20;18;30;14;20;21;30;22;30;65;70;"2024-01-13";"p"
188;2;0;20;0;30;0;20;0;30;0;30;0;70;"2024-01-13";"a"
189;2;0;20;0;30;0;20;0;30;0;30;0;70;"2024-01-13";"a"
190;2;19;20;23;30;18;20;27;30;11;30;59;70;"2024-01-13";"p"
191;2;13;20;14;30;5;20;6;30;12;30;26;70;"2024-01-13";"p"
192;2;15;20;16;30;5;20;15;30;9;30;59;70;"2024-01-13";"p"
193;2;20;20;19;30;6;20;11;30;27;30;67;70;"2024-01-13";"p"
194;2;4;20;25;30;14;20;10;30;20;30;1;70;"2024-01-13";"p"
195;2;0;20;0;30;0;20;0;30;0;30;0;70;"2024-01-13";"a"
196;2;0;20;0;30;0;20;0;30;0;30;0;70;"2024-01-13";"a"
197;2;0;20;0;30;0;20;0;30;0;30;0;70;"2024-01-13";"a"
198;2;0;20;0;30;0;20;0;30;0;30;0;70;"2024-01-13";"a"
199;2;0;20;0;30;0;20;0;30;0;30;0;70;"2024-01-13";"a"
200;2;4;20;12;30;6;20;23;30;4;30;14;70;"2024-01-13";"p"
1;3;0;20;0;30;0;20;0;30;0;30;0;70;"2024-01-13";"a"
2;3;0;20;0;30;0;20;0;30;0;30;0;70;"2024-01-13";"a"
3;3;0;20;0;30;0;20;0;30;0;30;0;70;"2024-01-13";"a"
4;3;6;20;11;30;7;20;15;30;26;30;59;70;"2024-01-13";"p"
5;3;0;20;0;30;0;20;0;30;0;30;0;70;"2024-01-13";"a"
6;3;16;20;25;30;2;20;2;30;26;30;56;70;"2024-01-13";"p"
7;3;0;20;0;30;0;20;0;30;0;30;0;70;"2024-01-13";"a"
8;3;0;20;0;30;0;20;0;30;0;30;0;70;"2024-01-13";"a"
9;3;20;20;25;30;17;20;21;30;27;30;42;70;"2024-01-13";"p"
10;3;3;20;23;30;2;20;21;30;15;30;13;70;"2024-01-13";"p"
11;3;0;20;0;30;0;20;0;30;0;30;0;70;"2024-01-13";"a"
12;3;5;20;19;30;16;20;10;30;14;30;26;70;"2024-01-13";"p"
13;3;0;20;0;30;0;20;0;30;0;30;0;70;"2024-01-13";"a"
14;3;0;20;0;30;0;20;0;30;0;30;0;70;"2024-01-13";"a"
15;3;0;20;0;30;0;20;0;30;0;30;0;70;"2024-01-13";"a"
16;3;0;20;0;30;0;20;0;30;0;30;0;70;"2024-01-13";"a"
17;3;0;20;0;30;0;20;0;30;0;30;0;70;"2024-01-13";"a"
18;3;0;20;0;30;0;20;0;30;0;30;0;70;"2024-01-13";"a"
19;3;7;20;30;30;12;20;3;30;2;30;53;70;"2024-01-13";"p"
20;3;7;20;26;30;3;20;12;30;14;30;47;70;"2024-01-13";"p"
21;3;6;20;30;30;12;20;29;30;16;30;2;70;"2024-01-13";"p"
22;3;13;20;16;30;17;20;16;30;25;30;70;70;"2024-01-13";"p"
23;3;9;20;3;30;15;20;13;30;8;30;35;70;"2024-01-13";"p"
24;3;15;20;13;30;19;20;6;30;21;30;55;70;"2024-01-13";"p"
25;3;0;20;0;30;0;20;0;30;0;30;0;70;"2024-01-13";"a"
26;3;0;20;0;30;0;20;0;30;0;30;0;70;"2024-01-13";"a"
27;3;6;20;23;30;3;20;20;30;23;30;58;70;"2024-01-13";"p"
28;3;6;20;27;30;17;20;17;30;25;30;15;70;"2024-01-13";"p"
29;3;0;20;0;30;0;20;0;30;0;30;0;70;"2024-01-13";"a"
30;3;0;20;0;30;0;20;0;30;0;30;0;70;"2024-01-13";"a"
31;3;0;20;0;30;0;20;0;30;0;30;0;70;"2024-01-13";"a"
32;3;18;20;19;30;16;20;12;30;16;30;28;70;"2024-01-13";"p"
33;3;2;20;22;30;13;20;12;30;30;30;5;70;"2024-01-13";"p"
34;3;8;20;4;30;12;20;7;30;8;30;13;70;"2024-01-13";"p"
35;3;0;20;0;30;0;20;0;30;0;30;0;70;"2024-01-13";"a"
36;3;11;20;13;30;13;20;24;30;26;30;20;70;"2024-01-13";"p"
37;3;4;20;10;30;2;20;18;30;28;30;46;70;"2024-01-13";"p"
38;3;19;20;27;30;14;20;26;30;17;30;67;70;"2024-01-13";"p"
39;3;0;20;0;30;0;20;0;30;0;30;0;70;"2024-01-13";"a"
40;3;10;20;26;30;9;20;24;30;14;30;60;70;"2024-01-13";"p"
41;3;0;20;0;30;0;20;0;30;0;30;0;70;"2024-01-13";"a"
42;3;0;20;0;30;0;20;0;30;0;30;0;70;"2024-01-13";"a"
43;3;0;20;0;30;0;20;0;30;0;30;0;70;"2024-01-13";"a"
44;3;0;20;0;30;0;20;0;30;0;30;0;70;"2024-01-13";"a"
45;3;0;20;0;30;0;20;0;30;0;30;0;70;"2024-01-13";"a"
46;3;12;20;2;30;1;20;23;30;28;30;14;70;"2024-01-13";"p"
47;3;0;20;0;30;0;20;0;30;0;30;0;70;"2024-01-13";"a"
48;3;8;20;12;30;15;20;24;30;16;30;22;70;"2024-01-13";"p"
49;3;0;20;0;30;0;20;0;30;0;30;0;70;"2024-01-13";"a"
50;3;0;20;0;30;0;20;0;30;0;30;0;70;"2024-01-13";"a"
51;3;11;20;22;30;8;20;1;30;27;30;12;70;"2024-01-13";"p"
52;3;2;20;28;30;8;20;8;30;10;30;35;70;"2024-01-13";"p"
53;3;9;20;18;30;5;20;13;30;16;30;7;70;"2024-01-13";"p"
54;3;0;20;0;30;0;20;0;30;0;30;0;70;"2024-01-13";"a"
55;3;0;20;0;30;0;20;0;30;0;30;0;70;"2024-01-13";"a"
56;3;16;20;13;30;20;20;7;30;9;30;57;70;"2024-01-13";"p"
57;3;0;20;0;30;0;20;0;30;0;30;0;70;"2024-01-13";"a"
58;3;0;20;0;30;0;20;0;30;0;30;0;70;"2024-01-13";"a"
59;3;6;20;22;30;12;20;6;30;27;30;67;70;"2024-01-13";"p"
60;3;4;20;18;30;4;20;18;30;19;30;36;70;"2024-01-13";"p"
61;3;9;20;25;30;12;20;15;30;1;30;67;70;"2024-01-13";"p"
62;3;3;20;29;30;6;20;11;30;23;30;9;70;"2024-01-13";"p"
63;3;15;20;14;30;18;20;28;30;24;30;23;70;"2024-01-13";"p"
64;3;0;20;0;30;0;20;0;30;0;30;0;70;"2024-01-13";"a"
65;3;0;20;0;30;0;20;0;30;0;30;0;70;"2024-01-13";"a"
66;3;10;20;18;30;7;20;14;30;1;30;46;70;"2024-01-13";"p"
67;3;0;20;0;30;0;20;0;30;0;30;0;70;"2024-01-13";"a"
68;3;2;20;22;30;15;20;8;30;12;30;49;70;"2024-01-13";"p"
69;3;9;20;8;30;15;20;23;30;19;30;18;70;"2024-01-13";"p"
70;3;17;20;30;30;11;20;16;30;20;30;24;70;"2024-01-13";"p"
71;3;12;20;15;30;19;20;14;30;7;30;30;70;"2024-01-13";"p"
72;3;7;20;4;30;6;20;6;30;14;30;67;70;"2024-01-13";"p"
73;3;0;20;0;30;0;20;0;30;0;30;0;70;"2024-01-13";"a"
74;3;5;20;30;30;5;20;21;30;23;30;16;70;"2024-01-13";"p"
75;3;14;20;13;30;12;20;12;30;11;30;19;70;"2024-01-13";"p"
76;3;0;20;0;30;0;20;0;30;0;30;0;70;"2024-01-13";"a"
77;3;16;20;29;30;16;20;8;30;6;30;37;70;"2024-01-13";"p"
78;3;9;20;11;30;16;20;4;30;15;30;39;70;"2024-01-13";"p"
79;3;4;20;24;30;10;20;30;30;24;30;24;70;"2024-01-13";"p"
80;3;1;20;22;30;4;20;22;30;24;30;13;70;"2024-01-13";"p"
81;3;20;20;27;30;12;20;20;30;7;30;20;70;"2024-01-13";"p"
82;3;15;20;19;30;7;20;25;30;15;30;6;70;"2024-01-13";"p"
83;3;0;20;0;30;0;20;0;30;0;30;0;70;"2024-01-13";"a"
84;3;0;20;0;30;0;20;0;30;0;30;0;70;"2024-01-13";"a"
85;3;0;20;0;30;0;20;0;30;0;30;0;70;"2024-01-13";"a"
86;3;0;20;0;30;0;20;0;30;0;30;0;70;"2024-01-13";"a"
87;3;0;20;0;30;0;20;0;30;0;30;0;70;"2024-01-13";"a"
88;3;11;20;30;30;4;20;24;30;20;30;15;70;"2024-01-13";"p"
89;3;5;20;7;30;18;20;9;30;20;30;19;70;"2024-01-13";"p"
90;3;0;20;0;30;0;20;0;30;0;30;0;70;"2024-01-13";"a"
91;3;0;20;0;30;0;20;0;30;0;30;0;70;"2024-01-13";"a"
92;3;2;20;26;30;17;20;3;30;20;30;17;70;"2024-01-13";"p"
93;3;0;20;0;30;0;20;0;30;0;30;0;70;"2024-01-13";"a"
94;3;0;20;0;30;0;20;0;30;0;30;0;70;"2024-01-13";"a"
95;3;0;20;0;30;0;20;0;30;0;30;0;70;"2024-01-13";"a"
96;3;0;20;0;30;0;20;0;30;0;30;0;70;"2024-01-13";"a"
97;3;2;20;1;30;15;20;25;30;1;30;38;70;"2024-01-13";"p"
98;3;0;20;0;30;0;20;0;30;0;30;0;70;"2024-01-13";"a"
99;3;12;20;27;30;13;20;18;30;22;30;31;70;"2024-01-13";"p"
100;3;0;20;0;30;0;20;0;30;0;30;0;70;"2024-01-13";"a"
101;3;0;20;0;30;0;20;0;30;0;30;0;70;"2024-01-13";"a"
102;3;0;20;0;30;0;20;0;30;0;30;0;70;"2024-01-13";"a"
103;3;10;20;10;30;19;20;2;30;9;30;2;70;"2024-01-13";"p"
104;3;19;20;13;30;18;20;24;30;21;30;8;70;"2024-01-13";"p"
105;3;6;20;25;30;14;20;9;30;7;30;27;70;"2024-01-13";"p"
106;3;12;20;9;30;11;20;21;30;2;30;38;70;"2024-01-13";"p"
107;3;0;20;0;30;0;20;0;30;0;30;0;70;"2024-01-13";"a"
108;3;0;20;0;30;0;20;0;30;0;30;0;70;"2024-01-13";"a"
109;3;15;20;30;30;19;20;18;30;27;30;57;70;"2024-01-13";"p"
110;3;0;20;0;30;0;20;0;30;0;30;0;70;"2024-01-13";"a"
111;3;13;20;24;30;12;20;1;30;27;30;36;70;"2024-01-13";"p"
112;3;0;20;0;30;0;20;0;30;0;30;0;70;"2024-01-13";"a"
113;3;19;20;15;30;12;20;9;30;7;30;52;70;"2024-01-13";"p"
114;3;0;20;0;30;0;20;0;30;0;30;0;70;"2024-01-13";"a"
115;3;0;20;0;30;0;20;0;30;0;30;0;70;"2024-01-13";"a"
116;3;0;20;0;30;0;20;0;30;0;30;0;70;"2024-01-13";"a"
117;3;17;20;19;30;1;20;23;30;18;30;67;70;"2024-01-13";"p"
118;3;0;20;0;30;0;20;0;30;0;30;0;70;"2024-01-13";"a"
119;3;0;20;0;30;0;20;0;30;0;30;0;70;"2024-01-13";"a"
120;3;0;20;0;30;0;20;0;30;0;30;0;70;"2024-01-13";"a"
121;3;13;20;3;30;8;20;1;30;27;30;18;70;"2024-01-13";"p"
122;3;16;20;14;30;19;20;16;30;18;30;27;70;"2024-01-13";"p"
123;3;14;20;8;30;11;20;5;30;19;30;54;70;"2024-01-13";"p"
124;3;0;20;0;30;0;20;0;30;0;30;0;70;"2024-01-13";"a"
125;3;13;20;1;30;3;20;11;30;30;30;26;70;"2024-01-13";"p"
126;3;5;20;14;30;6;20;23;30;19;30;63;70;"2024-01-13";"p"
127;3;11;20;11;30;4;20;18;30;12;30;35;70;"2024-01-13";"p"
128;3;0;20;0;30;0;20;0;30;0;30;0;70;"2024-01-13";"a"
129;3;0;20;0;30;0;20;0;30;0;30;0;70;"2024-01-13";"a"
130;3;8;20;9;30;20;20;1;30;30;30;10;70;"2024-01-13";"p"
131;3;4;20;2;30;20;20;12;30;20;30;70;70;"2024-01-13";"p"
132;3;12;20;26;30;3;20;23;30;29;30;57;70;"2024-01-13";"p"
133;3;0;20;0;30;0;20;0;30;0;30;0;70;"2024-01-13";"a"
134;3;15;20;28;30;7;20;17;30;9;30;10;70;"2024-01-13";"p"
135;3;0;20;0;30;0;20;0;30;0;30;0;70;"2024-01-13";"a"
136;3;19;20;10;30;20;20;27;30;28;30;38;70;"2024-01-13";"p"
137;3;12;20;11;30;14;20;17;30;26;30;37;70;"2024-01-13";"p"
138;3;3;20;1;30;16;20;27;30;19;30;27;70;"2024-01-13";"p"
139;3;0;20;0;30;0;20;0;30;0;30;0;70;"2024-01-13";"a"
140;3;9;20;1;30;8;20;5;30;19;30;24;70;"2024-01-13";"p"
141;3;0;20;0;30;0;20;0;30;0;30;0;70;"2024-01-13";"a"
142;3;0;20;0;30;0;20;0;30;0;30;0;70;"2024-01-13";"a"
143;3;0;20;0;30;0;20;0;30;0;30;0;70;"2024-01-13";"a"
144;3;0;20;0;30;0;20;0;30;0;30;0;70;"2024-01-13";"a"
145;3;15;20;7;30;20;20;25;30;27;30;50;70;"2024-01-13";"p"
146;3;0;20;0;30;0;20;0;30;0;30;0;70;"2024-01-13";"a"
147;3;17;20;7;30;20;20;6;30;6;30;22;70;"2024-01-13";"p"
148;3;6;20;23;30;12;20;20;30;14;30;33;70;"2024-01-13";"p"
149;3;0;20;0;30;0;20;0;30;0;30;0;70;"2024-01-13";"a"
150;3;5;20;3;30;16;20;29;30;22;30;7;70;"2024-01-13";"p"
151;3;0;20;0;30;0;20;0;30;0;30;0;70;"2024-01-13";"a"
152;3;4;20;18;30;13;20;26;30;25;30;64;70;"2024-01-13";"p"
153;3;0;20;0;30;0;20;0;30;0;30;0;70;"2024-01-13";"a"
154;3;14;20;11;30;13;20;9;30;16;30;38;70;"2024-01-13";"p"
155;3;10;20;29;30;15;20;30;30;1;30;40;70;"2024-01-13";"p"
156;3;0;20;0;30;0;20;0;30;0;30;0;70;"2024-01-13";"a"
157;3;0;20;0;30;0;20;0;30;0;30;0;70;"2024-01-13";"a"
158;3;15;20;7;30;9;20;12;30;25;30;22;70;"2024-01-13";"p"
159;3;17;20;3;30;7;20;5;30;2;30;7;70;"2024-01-13";"p"
160;3;0;20;0;30;0;20;0;30;0;30;0;70;"2024-01-13";"a"
161;3;13;20;18;30;9;20;4;30;7;30;55;70;"2024-01-13";"p"
162;3;0;20;0;30;0;20;0;30;0;30;0;70;"2024-01-13";"a"
163;3;0;20;0;30;0;20;0;30;0;30;0;70;"2024-01-13";"a"
164;3;0;20;0;30;0;20;0;30;0;30;0;70;"2024-01-13";"a"
165;3;14;20;20;30;1;20;25;30;11;30;32;70;"2024-01-13";"p"
166;3;0;20;0;30;0;20;0;30;0;30;0;70;"2024-01-13";"a"
167;3;18;20;23;30;16;20;16;30;5;30;63;70;"2024-01-13";"p"
168;3;0;20;0;30;0;20;0;30;0;30;0;70;"2024-01-13";"a"
169;3;7;20;2;30;13;20;24;30;18;30;64;70;"2024-01-13";"p"
170;3;0;20;0;30;0;20;0;30;0;30;0;70;"2024-01-13";"a"
171;3;0;20;0;30;0;20;0;30;0;30;0;70;"2024-01-13";"a"
172;3;0;20;0;30;0;20;0;30;0;30;0;70;"2024-01-13";"a"
173;3;0;20;0;30;0;20;0;30;0;30;0;70;"2024-01-13";"a"
174;3;0;20;0;30;0;20;0;30;0;30;0;70;"2024-01-13";"a"
175;3;11;20;12;30;11;20;5;30;4;30;31;70;"2024-01-13";"p"
176;3;7;20;25;30;1;20;25;30;18;30;67;70;"2024-01-13";"p"
177;3;0;20;0;30;0;20;0;30;0;30;0;70;"2024-01-13";"a"
178;3;0;20;0;30;0;20;0;30;0;30;0;70;"2024-01-13";"a"
179;3;0;20;0;30;0;20;0;30;0;30;0;70;"2024-01-13";"a"
180;3;0;20;0;30;0;20;0;30;0;30;0;70;"2024-01-13";"a"
181;3;0;20;0;30;0;20;0;30;0;30;0;70;"2024-01-13";"a"
182;3;0;20;0;30;0;20;0;30;0;30;0;70;"2024-01-13";"a"
183;3;0;20;0;30;0;20;0;30;0;30;0;70;"2024-01-13";"a"
184;3;0;20;0;30;0;20;0;30;0;30;0;70;"2024-01-13";"a"
185;3;0;20;0;30;0;20;0;30;0;30;0;70;"2024-01-13";"a"
186;3;2;20;16;30;10;20;28;30;14;30;6;70;"2024-01-13";"p"
187;3;4;20;5;30;3;20;14;30;25;30;8;70;"2024-01-13";"p"
188;3;0;20;0;30;0;20;0;30;0;30;0;70;"2024-01-13";"a"
189;3;0;20;0;30;0;20;0;30;0;30;0;70;"2024-01-13";"a"
190;3;18;20;26;30;10;20;24;30;11;30;58;70;"2024-01-13";"p"
191;3;19;20;23;30;7;20;1;30;9;30;21;70;"2024-01-13";"p"
192;3;0;20;0;30;0;20;0;30;0;30;0;70;"2024-01-13";"a"
193;3;6;20;25;30;18;20;20;30;5;30;66;70;"2024-01-13";"p"
194;3;7;20;1;30;18;20;20;30;12;30;67;70;"2024-01-13";"p"
195;3;13;20;17;30;13;20;25;30;4;30;18;70;"2024-01-13";"p"
196;3;0;20;0;30;0;20;0;30;0;30;0;70;"2024-01-13";"a"
197;3;9;20;18;30;12;20;14;30;7;30;31;70;"2024-01-13";"p"
198;3;16;20;27;30;15;20;18;30;2;30;60;70;"2024-01-13";"p"
199;3;0;20;0;30;0;20;0;30;0;30;0;70;"2024-01-13";"a"
200;3;0;20;0;30;0;20;0;30;0;30;0;70;"2024-01-13";"a"
1;4;0;20;0;30;0;20;0;30;0;30;0;70;"2024-01-13";"a"
2;4;0;20;0;30;0;20;0;30;0;30;0;70;"2024-01-13";"a"
3;4;1;20;2;30;8;20;12;30;7;30;35;70;"2024-01-13";"p"
4;4;0;20;0;30;0;20;0;30;0;30;0;70;"2024-01-13";"a"
5;4;0;20;0;30;0;20;0;30;0;30;0;70;"2024-01-13";"a"
6;4;20;20;10;30;17;20;30;30;9;30;45;70;"2024-01-13";"p"
7;4;0;20;0;30;0;20;0;30;0;30;0;70;"2024-01-13";"a"
8;4;8;20;18;30;11;20;18;30;19;30;57;70;"2024-01-13";"p"
9;4;12;20;23;30;13;20;2;30;9;30;64;70;"2024-01-13";"p"
10;4;20;20;8;30;7;20;9;30;5;30;2;70;"2024-01-13";"p"
11;4;6;20;5;30;11;20;10;30;10;30;56;70;"2024-01-13";"p"
12;4;0;20;0;30;0;20;0;30;0;30;0;70;"2024-01-13";"a"
13;4;15;20;12;30;15;20;2;30;10;30;68;70;"2024-01-13";"p"
14;4;0;20;0;30;0;20;0;30;0;30;0;70;"2024-01-13";"a"
15;4;0;20;0;30;0;20;0;30;0;30;0;70;"2024-01-13";"a"
16;4;0;20;0;30;0;20;0;30;0;30;0;70;"2024-01-13";"a"
17;4;0;20;0;30;0;20;0;30;0;30;0;70;"2024-01-13";"a"
18;4;2;20;19;30;15;20;1;30;28;30;35;70;"2024-01-13";"p"
19;4;9;20;16;30;17;20;26;30;6;30;57;70;"2024-01-13";"p"
20;4;6;20;6;30;17;20;17;30;11;30;52;70;"2024-01-13";"p"
21;4;0;20;0;30;0;20;0;30;0;30;0;70;"2024-01-13";"a"
22;4;3;20;4;30;12;20;13;30;30;30;29;70;"2024-01-13";"p"
23;4;0;20;0;30;0;20;0;30;0;30;0;70;"2024-01-13";"a"
24;4;19;20;28;30;12;20;19;30;15;30;24;70;"2024-01-13";"p"
25;4;3;20;23;30;20;20;4;30;3;30;23;70;"2024-01-13";"p"
26;4;19;20;29;30;4;20;24;30;29;30;70;70;"2024-01-13";"p"
27;4;0;20;0;30;0;20;0;30;0;30;0;70;"2024-01-13";"a"
28;4;17;20;15;30;1;20;30;30;9;30;27;70;"2024-01-13";"p"
29;4;6;20;8;30;15;20;8;30;19;30;42;70;"2024-01-13";"p"
30;4;0;20;0;30;0;20;0;30;0;30;0;70;"2024-01-13";"a"
31;4;16;20;14;30;16;20;25;30;18;30;60;70;"2024-01-13";"p"
32;4;0;20;0;30;0;20;0;30;0;30;0;70;"2024-01-13";"a"
33;4;2;20;17;30;4;20;28;30;23;30;43;70;"2024-01-13";"p"
34;4;5;20;16;30;16;20;28;30;7;30;28;70;"2024-01-13";"p"
35;4;3;20;1;30;17;20;24;30;16;30;57;70;"2024-01-13";"p"
36;4;3;20;14;30;10;20;24;30;14;30;58;70;"2024-01-13";"p"
37;4;0;20;0;30;0;20;0;30;0;30;0;70;"2024-01-13";"a"
38;4;0;20;0;30;0;20;0;30;0;30;0;70;"2024-01-13";"a"
39;4;11;20;28;30;6;20;20;30;8;30;52;70;"2024-01-13";"p"
40;4;0;20;0;30;0;20;0;30;0;30;0;70;"2024-01-13";"a"
41;4;0;20;0;30;0;20;0;30;0;30;0;70;"2024-01-13";"a"
42;4;0;20;0;30;0;20;0;30;0;30;0;70;"2024-01-13";"a"
43;4;10;20;26;30;17;20;1;30;25;30;11;70;"2024-01-13";"p"
44;4;20;20;15;30;11;20;19;30;27;30;3;70;"2024-01-13";"p"
45;4;0;20;0;30;0;20;0;30;0;30;0;70;"2024-01-13";"a"
46;4;15;20;24;30;9;20;18;30;12;30;34;70;"2024-01-13";"p"
47;4;0;20;0;30;0;20;0;30;0;30;0;70;"2024-01-13";"a"
48;4;6;20;25;30;16;20;25;30;27;30;15;70;"2024-01-13";"p"
49;4;0;20;0;30;0;20;0;30;0;30;0;70;"2024-01-13";"a"
50;4;0;20;0;30;0;20;0;30;0;30;0;70;"2024-01-13";"a"
51;4;0;20;0;30;0;20;0;30;0;30;0;70;"2024-01-13";"a"
52;4;0;20;0;30;0;20;0;30;0;30;0;70;"2024-01-13";"a"
53;4;0;20;0;30;0;20;0;30;0;30;0;70;"2024-01-13";"a"
54;4;0;20;0;30;0;20;0;30;0;30;0;70;"2024-01-13";"a"
55;4;0;20;0;30;0;20;0;30;0;30;0;70;"2024-01-13";"a"
56;4;14;20;25;30;12;20;8;30;8;30;19;70;"2024-01-13";"p"
57;4;7;20;23;30;8;20;5;30;7;30;66;70;"2024-01-13";"p"
58;4;0;20;0;30;0;20;0;30;0;30;0;70;"2024-01-13";"a"
59;4;0;20;0;30;0;20;0;30;0;30;0;70;"2024-01-13";"a"
60;4;0;20;0;30;0;20;0;30;0;30;0;70;"2024-01-13";"a"
61;4;12;20;6;30;8;20;21;30;17;30;40;70;"2024-01-13";"p"
62;4;0;20;0;30;0;20;0;30;0;30;0;70;"2024-01-13";"a"
63;4;0;20;0;30;0;20;0;30;0;30;0;70;"2024-01-13";"a"
64;4;13;20;13;30;9;20;25;30;10;30;37;70;"2024-01-13";"p"
65;4;0;20;0;30;0;20;0;30;0;30;0;70;"2024-01-13";"a"
66;4;0;20;0;30;0;20;0;30;0;30;0;70;"2024-01-13";"a"
67;4;0;20;0;30;0;20;0;30;0;30;0;70;"2024-01-13";"a"
68;4;14;20;30;30;20;20;22;30;12;30;14;70;"2024-01-13";"p"
69;4;0;20;0;30;0;20;0;30;0;30;0;70;"2024-01-13";"a"
70;4;9;20;12;30;20;20;13;30;8;30;30;70;"2024-01-13";"p"
71;4;0;20;0;30;0;20;0;30;0;30;0;70;"2024-01-13";"a"
72;4;9;20;10;30;16;20;29;30;30;30;31;70;"2024-01-13";"p"
73;4;3;20;21;30;1;20;2;30;22;30;70;70;"2024-01-13";"p"
74;4;0;20;0;30;0;20;0;30;0;30;0;70;"2024-01-13";"a"
75;4;9;20;26;30;8;20;3;30;13;30;61;70;"2024-01-13";"p"
76;4;17;20;23;30;20;20;7;30;8;30;34;70;"2024-01-13";"p"
77;4;0;20;0;30;0;20;0;30;0;30;0;70;"2024-01-13";"a"
78;4;4;20;26;30;10;20;24;30;23;30;37;70;"2024-01-13";"p"
79;4;5;20;29;30;5;20;22;30;14;30;35;70;"2024-01-13";"p"
80;4;15;20;22;30;8;20;29;30;16;30;4;70;"2024-01-13";"p"
81;4;0;20;0;30;0;20;0;30;0;30;0;70;"2024-01-13";"a"
82;4;0;20;0;30;0;20;0;30;0;30;0;70;"2024-01-13";"a"
83;4;0;20;0;30;0;20;0;30;0;30;0;70;"2024-01-13";"a"
84;4;0;20;0;30;0;20;0;30;0;30;0;70;"2024-01-13";"a"
85;4;0;20;0;30;0;20;0;30;0;30;0;70;"2024-01-13";"a"
86;4;0;20;0;30;0;20;0;30;0;30;0;70;"2024-01-13";"a"
87;4;9;20;19;30;2;20;30;30;10;30;51;70;"2024-01-13";"p"
88;4;0;20;0;30;0;20;0;30;0;30;0;70;"2024-01-13";"a"
89;4;0;20;0;30;0;20;0;30;0;30;0;70;"2024-01-13";"a"
90;4;14;20;22;30;11;20;19;30;5;30;16;70;"2024-01-13";"p"
91;4;0;20;0;30;0;20;0;30;0;30;0;70;"2024-01-13";"a"
92;4;0;20;0;30;0;20;0;30;0;30;0;70;"2024-01-13";"a"
93;4;8;20;11;30;15;20;29;30;19;30;1;70;"2024-01-13";"p"
94;4;0;20;0;30;0;20;0;30;0;30;0;70;"2024-01-13";"a"
95;4;0;20;0;30;0;20;0;30;0;30;0;70;"2024-01-13";"a"
96;4;2;20;18;30;2;20;17;30;29;30;52;70;"2024-01-13";"p"
97;4;0;20;0;30;0;20;0;30;0;30;0;70;"2024-01-13";"a"
98;4;4;20;10;30;12;20;8;30;7;30;38;70;"2024-01-13";"p"
99;4;0;20;0;30;0;20;0;30;0;30;0;70;"2024-01-13";"a"
100;4;18;20;11;30;13;20;6;30;22;30;10;70;"2024-01-13";"p"
101;4;3;20;26;30;11;20;20;30;16;30;40;70;"2024-01-13";"p"
102;4;0;20;0;30;0;20;0;30;0;30;0;70;"2024-01-13";"a"
103;4;16;20;5;30;18;20;21;30;4;30;22;70;"2024-01-13";"p"
104;4;16;20;12;30;17;20;2;30;18;30;41;70;"2024-01-13";"p"
105;4;20;20;29;30;9;20;15;30;12;30;10;70;"2024-01-13";"p"
106;4;0;20;0;30;0;20;0;30;0;30;0;70;"2024-01-13";"a"
107;4;12;20;22;30;19;20;1;30;24;30;38;70;"2024-01-13";"p"
108;4;0;20;0;30;0;20;0;30;0;30;0;70;"2024-01-13";"a"
109;4;7;20;27;30;20;20;26;30;27;30;10;70;"2024-01-13";"p"
110;4;0;20;0;30;0;20;0;30;0;30;0;70;"2024-01-13";"a"
111;4;0;20;0;30;0;20;0;30;0;30;0;70;"2024-01-13";"a"
112;4;5;20;10;30;8;20;28;30;18;30;60;70;"2024-01-13";"p"
113;4;5;20;23;30;17;20;4;30;7;30;52;70;"2024-01-13";"p"
114;4;0;20;0;30;0;20;0;30;0;30;0;70;"2024-01-13";"a"
115;4;0;20;0;30;0;20;0;30;0;30;0;70;"2024-01-13";"a"
116;4;0;20;0;30;0;20;0;30;0;30;0;70;"2024-01-13";"a"
117;4;0;20;0;30;0;20;0;30;0;30;0;70;"2024-01-13";"a"
118;4;0;20;0;30;0;20;0;30;0;30;0;70;"2024-01-13";"a"
119;4;0;20;0;30;0;20;0;30;0;30;0;70;"2024-01-13";"a"
120;4;5;20;14;30;13;20;1;30;22;30;22;70;"2024-01-13";"p"
121;4;0;20;0;30;0;20;0;30;0;30;0;70;"2024-01-13";"a"
122;4;10;20;17;30;5;20;2;30;1;30;69;70;"2024-01-13";"p"
123;4;6;20;18;30;17;20;1;30;28;30;45;70;"2024-01-13";"p"
124;4;0;20;0;30;0;20;0;30;0;30;0;70;"2024-01-13";"a"
125;4;19;20;25;30;12;20;30;30;15;30;9;70;"2024-01-13";"p"
126;4;0;20;0;30;0;20;0;30;0;30;0;70;"2024-01-13";"a"
127;4;20;20;17;30;20;20;28;30;24;30;11;70;"2024-01-13";"p"
128;4;0;20;0;30;0;20;0;30;0;30;0;70;"2024-01-13";"a"
129;4;6;20;30;30;20;20;19;30;13;30;45;70;"2024-01-13";"p"
130;4;0;20;0;30;0;20;0;30;0;30;0;70;"2024-01-13";"a"
131;4;0;20;0;30;0;20;0;30;0;30;0;70;"2024-01-13";"a"
132;4;1;20;2;30;4;20;20;30;4;30;29;70;"2024-01-13";"p"
133;4;0;20;0;30;0;20;0;30;0;30;0;70;"2024-01-13";"a"
134;4;19;20;3;30;20;20;13;30;16;30;23;70;"2024-01-13";"p"
135;4;20;20;2;30;6;20;12;30;14;30;21;70;"2024-01-13";"p"
136;4;0;20;0;30;0;20;0;30;0;30;0;70;"2024-01-13";"a"
137;4;17;20;19;30;13;20;25;30;10;30;65;70;"2024-01-13";"p"
138;4;0;20;0;30;0;20;0;30;0;30;0;70;"2024-01-13";"a"
139;4;10;20;7;30;3;20;26;30;18;30;70;70;"2024-01-13";"p"
140;4;0;20;0;30;0;20;0;30;0;30;0;70;"2024-01-13";"a"
141;4;0;20;0;30;0;20;0;30;0;30;0;70;"2024-01-13";"a"
142;4;11;20;16;30;4;20;11;30;16;30;28;70;"2024-01-13";"p"
143;4;1;20;12;30;13;20;21;30;9;30;3;70;"2024-01-13";"p"
144;4;19;20;7;30;17;20;4;30;19;30;59;70;"2024-01-13";"p"
145;4;15;20;21;30;15;20;9;30;17;30;1;70;"2024-01-13";"p"
146;4;5;20;26;30;17;20;21;30;10;30;17;70;"2024-01-13";"p"
147;4;15;20;27;30;5;20;10;30;24;30;17;70;"2024-01-13";"p"
148;4;7;20;27;30;19;20;20;30;21;30;29;70;"2024-01-13";"p"
149;4;0;20;0;30;0;20;0;30;0;30;0;70;"2024-01-13";"a"
150;4;14;20;22;30;11;20;24;30;12;30;47;70;"2024-01-13";"p"
151;4;2;20;25;30;6;20;10;30;7;30;16;70;"2024-01-13";"p"
152;4;10;20;1;30;1;20;12;30;7;30;31;70;"2024-01-13";"p"
153;4;10;20;16;30;6;20;8;30;22;30;56;70;"2024-01-13";"p"
154;4;2;20;7;30;10;20;4;30;22;30;7;70;"2024-01-13";"p"
155;4;0;20;0;30;0;20;0;30;0;30;0;70;"2024-01-13";"a"
156;4;0;20;0;30;0;20;0;30;0;30;0;70;"2024-01-13";"a"
157;4;0;20;0;30;0;20;0;30;0;30;0;70;"2024-01-13";"a"
158;4;3;20;27;30;9;20;16;30;30;30;62;70;"2024-01-13";"p"
159;4;10;20;20;30;15;20;8;30;26;30;66;70;"2024-01-13";"p"
160;4;0;20;0;30;0;20;0;30;0;30;0;70;"2024-01-13";"a"
161;4;0;20;0;30;0;20;0;30;0;30;0;70;"2024-01-13";"a"
162;4;0;20;0;30;0;20;0;30;0;30;0;70;"2024-01-13";"a"
163;4;0;20;0;30;0;20;0;30;0;30;0;70;"2024-01-13";"a"
164;4;0;20;0;30;0;20;0;30;0;30;0;70;"2024-01-13";"a"
165;4;15;20;5;30;11;20;7;30;10;30;10;70;"2024-01-13";"p"
166;4;11;20;1;30;18;20;20;30;24;30;23;70;"2024-01-13";"p"
167;4;0;20;0;30;0;20;0;30;0;30;0;70;"2024-01-13";"a"
168;4;6;20;20;30;6;20;12;30;11;30;2;70;"2024-01-13";"p"
169;4;12;20;2;30;10;20;21;30;19;30;44;70;"2024-01-13";"p"
170;4;19;20;9;30;18;20;18;30;26;30;51;70;"2024-01-13";"p"
171;4;18;20;20;30;3;20;16;30;23;30;69;70;"2024-01-13";"p"
172;4;0;20;0;30;0;20;0;30;0;30;0;70;"2024-01-13";"a"
173;4;0;20;0;30;0;20;0;30;0;30;0;70;"2024-01-13";"a"
174;4;0;20;0;30;0;20;0;30;0;30;0;70;"2024-01-13";"a"
175;4;12;20;7;30;4;20;19;30;16;30;49;70;"2024-01-13";"p"
176;4;0;20;0;30;0;20;0;30;0;30;0;70;"2024-01-13";"a"
177;4;7;20;11;30;5;20;2;30;15;30;70;70;"2024-01-13";"p"
178;4;5;20;3;30;11;20;26;30;7;30;49;70;"2024-01-13";"p"
179;4;3;20;6;30;20;20;5;30;5;30;70;70;"2024-01-13";"p"
180;4;13;20;12;30;15;20;23;30;17;30;19;70;"2024-01-13";"p"
181;4;3;20;27;30;10;20;9;30;14;30;59;70;"2024-01-13";"p"
182;4;0;20;0;30;0;20;0;30;0;30;0;70;"2024-01-13";"a"
183;4;0;20;0;30;0;20;0;30;0;30;0;70;"2024-01-13";"a"
184;4;0;20;0;30;0;20;0;30;0;30;0;70;"2024-01-13";"a"
185;4;9;20;17;30;6;20;9;30;13;30;3;70;"2024-01-13";"p"
186;4;8;20;26;30;20;20;13;30;27;30;68;70;"2024-01-13";"p"
187;4;0;20;0;30;0;20;0;30;0;30;0;70;"2024-01-13";"a"
188;4;0;20;0;30;0;20;0;30;0;30;0;70;"2024-01-13";"a"
189;4;0;20;0;30;0;20;0;30;0;30;0;70;"2024-01-13";"a"
190;4;2;20;28;30;18;20;14;30;6;30;65;70;"2024-01-13";"p"
191;4;10;20;29;30;6;20;26;30;19;30;48;70;"2024-01-13";"p"
192;4;0;20;0;30;0;20;0;30;0;30;0;70;"2024-01-13";"a"
193;4;13;20;21;30;10;20;7;30;15;30;16;70;"2024-01-13";"p"
194;4;12;20;5;30;5;20;29;30;29;30;11;70;"2024-01-13";"p"
195;4;17;20;19;30;11;20;21;30;26;30;45;70;"2024-01-13";"p"
196;4;13;20;30;30;8;20;17;30;3;30;39;70;"2024-01-13";"p"
197;4;5;20;16;30;12;20;15;30;25;30;26;70;"2024-01-13";"p"
198;4;0;20;0;30;0;20;0;30;0;30;0;70;"2024-01-13";"a"
199;4;0;20;0;30;0;20;0;30;0;30;0;70;"2024-01-13";"a"
200;4;0;20;0;30;0;20;0;30;0;30;0;70;"2024-01-13";"a"
1;5;0;20;0;30;0;20;0;30;0;30;0;70;"2024-01-13";"a"
2;5;0;20;0;30;0;20;0;30;0;30;0;70;"2024-01-13";"a"
3;5;1;20;16;30;13;20;6;30;24;30;52;70;"2024-01-13";"p"
4;5;0;20;0;30;0;20;0;30;0;30;0;70;"2024-01-13";"a"
5;5;0;20;0;30;0;20;0;30;0;30;0;70;"2024-01-13";"a"
6;5;20;20;3;30;19;20;16;30;30;30;50;70;"2024-01-13";"p"
7;5;12;20;5;30;11;20;26;30;4;30;11;70;"2024-01-13";"p"
8;5;0;20;0;30;0;20;0;30;0;30;0;70;"2024-01-13";"a"
9;5;8;20;17;30;5;20;12;30;26;30;14;70;"2024-01-13";"p"
10;5;20;20;7;30;18;20;7;30;8;30;36;70;"2024-01-13";"p"
11;5;0;20;0;30;0;20;0;30;0;30;0;70;"2024-01-13";"a"
12;5;5;20;18;30;7;20;4;30;8;30;38;70;"2024-01-13";"p"
13;5;0;20;0;30;0;20;0;30;0;30;0;70;"2024-01-13";"a"
14;5;0;20;0;30;0;20;0;30;0;30;0;70;"2024-01-13";"a"
15;5;19;20;13;30;6;20;26;30;17;30;5;70;"2024-01-13";"p"
16;5;0;20;0;30;0;20;0;30;0;30;0;70;"2024-01-13";"a"
17;5;0;20;0;30;0;20;0;30;0;30;0;70;"2024-01-13";"a"
18;5;0;20;0;30;0;20;0;30;0;30;0;70;"2024-01-13";"a"
19;5;0;20;0;30;0;20;0;30;0;30;0;70;"2024-01-13";"a"
20;5;0;20;0;30;0;20;0;30;0;30;0;70;"2024-01-13";"a"
21;5;0;20;0;30;0;20;0;30;0;30;0;70;"2024-01-13";"a"
22;5;0;20;0;30;0;20;0;30;0;30;0;70;"2024-01-13";"a"
23;5;0;20;0;30;0;20;0;30;0;30;0;70;"2024-01-13";"a"
24;5;7;20;11;30;3;20;15;30;18;30;13;70;"2024-01-13";"p"
25;5;13;20;20;30;12;20;13;30;5;30;66;70;"2024-01-13";"p"
26;5;0;20;0;30;0;20;0;30;0;30;0;70;"2024-01-13";"a"
27;5;0;20;0;30;0;20;0;30;0;30;0;70;"2024-01-13";"a"
28;5;0;20;0;30;0;20;0;30;0;30;0;70;"2024-01-13";"a"
29;5;8;20;18;30;3;20;6;30;4;30;2;70;"2024-01-13";"p"
30;5;15;20;20;30;8;20;26;30;16;30;55;70;"2024-01-13";"p"
31;5;0;20;0;30;0;20;0;30;0;30;0;70;"2024-01-13";"a"
32;5;2;20;10;30;9;20;25;30;26;30;25;70;"2024-01-13";"p"
33;5;19;20;3;30;4;20;29;30;22;30;65;70;"2024-01-13";"p"
34;5;16;20;13;30;7;20;19;30;20;30;17;70;"2024-01-13";"p"
35;5;7;20;19;30;3;20;12;30;1;30;40;70;"2024-01-13";"p"
36;5;20;20;28;30;3;20;11;30;12;30;56;70;"2024-01-13";"p"
37;5;10;20;24;30;14;20;26;30;26;30;12;70;"2024-01-13";"p"
38;5;0;20;0;30;0;20;0;30;0;30;0;70;"2024-01-13";"a"
39;5;0;20;0;30;0;20;0;30;0;30;0;70;"2024-01-13";"a"
40;5;0;20;0;30;0;20;0;30;0;30;0;70;"2024-01-13";"a"
41;5;3;20;2;30;9;20;25;30;4;30;9;70;"2024-01-13";"p"
42;5;15;20;3;30;20;20;1;30;14;30;15;70;"2024-01-13";"p"
43;5;16;20;10;30;9;20;13;30;20;30;5;70;"2024-01-13";"p"
44;5;0;20;0;30;0;20;0;30;0;30;0;70;"2024-01-13";"a"
45;5;18;20;14;30;19;20;25;30;9;30;4;70;"2024-01-13";"p"
46;5;15;20;18;30;14;20;23;30;26;30;45;70;"2024-01-13";"p"
47;5;1;20;6;30;15;20;2;30;11;30;27;70;"2024-01-13";"p"
48;5;2;20;16;30;8;20;15;30;16;30;32;70;"2024-01-13";"p"
49;5;4;20;25;30;10;20;6;30;11;30;50;70;"2024-01-13";"p"
50;5;0;20;0;30;0;20;0;30;0;30;0;70;"2024-01-13";"a"
51;5;0;20;0;30;0;20;0;30;0;30;0;70;"2024-01-13";"a"
52;5;13;20;24;30;17;20;14;30;6;30;26;70;"2024-01-13";"p"
53;5;0;20;0;30;0;20;0;30;0;30;0;70;"2024-01-13";"a"
54;5;0;20;0;30;0;20;0;30;0;30;0;70;"2024-01-13";"a"
55;5;7;20;7;30;18;20;28;30;5;30;17;70;"2024-01-13";"p"
56;5;0;20;0;30;0;20;0;30;0;30;0;70;"2024-01-13";"a"
57;5;1;20;14;30;20;20;21;30;29;30;23;70;"2024-01-13";"p"
58;5;13;20;25;30;1;20;3;30;27;30;3;70;"2024-01-13";"p"
59;5;11;20;21;30;9;20;22;30;4;30;22;70;"2024-01-13";"p"
60;5;12;20;4;30;7;20;25;30;27;30;29;70;"2024-01-13";"p"
61;5;13;20;20;30;16;20;19;30;16;30;1;70;"2024-01-13";"p"
62;5;7;20;21;30;7;20;4;30;29;30;18;70;"2024-01-13";"p"
63;5;9;20;30;30;3;20;25;30;21;30;65;70;"2024-01-13";"p"
64;5;0;20;0;30;0;20;0;30;0;30;0;70;"2024-01-13";"a"
65;5;0;20;0;30;0;20;0;30;0;30;0;70;"2024-01-13";"a"
66;5;5;20;27;30;16;20;8;30;14;30;12;70;"2024-01-13";"p"
67;5;0;20;0;30;0;20;0;30;0;30;0;70;"2024-01-13";"a"
68;5;13;20;13;30;1;20;10;30;9;30;65;70;"2024-01-13";"p"
69;5;4;20;1;30;7;20;23;30;5;30;23;70;"2024-01-13";"p"
70;5;12;20;4;30;9;20;23;30;9;30;9;70;"2024-01-13";"p"
71;5;12;20;26;30;8;20;1;30;30;30;54;70;"2024-01-13";"p"
72;5;0;20;0;30;0;20;0;30;0;30;0;70;"2024-01-13";"a"
73;5;0;20;0;30;0;20;0;30;0;30;0;70;"2024-01-13";"a"
74;5;12;20;10;30;11;20;26;30;5;30;42;70;"2024-01-13";"p"
75;5;8;20;28;30;19;20;14;30;20;30;1;70;"2024-01-13";"p"
76;5;0;20;0;30;0;20;0;30;0;30;0;70;"2024-01-13";"a"
77;5;0;20;0;30;0;20;0;30;0;30;0;70;"2024-01-13";"a"
78;5;6;20;2;30;17;20;11;30;7;30;41;70;"2024-01-13";"p"
79;5;16;20;13;30;5;20;5;30;14;30;3;70;"2024-01-13";"p"
80;5;0;20;0;30;0;20;0;30;0;30;0;70;"2024-01-13";"a"
81;5;0;20;0;30;0;20;0;30;0;30;0;70;"2024-01-13";"a"
82;5;19;20;15;30;2;20;27;30;8;30;16;70;"2024-01-13";"p"
83;5;0;20;0;30;0;20;0;30;0;30;0;70;"2024-01-13";"a"
84;5;13;20;14;30;7;20;2;30;30;30;42;70;"2024-01-13";"p"
85;5;2;20;2;30;4;20;5;30;27;30;49;70;"2024-01-13";"p"
86;5;0;20;0;30;0;20;0;30;0;30;0;70;"2024-01-13";"a"
87;5;0;20;0;30;0;20;0;30;0;30;0;70;"2024-01-13";"a"
88;5;16;20;24;30;1;20;24;30;27;30;59;70;"2024-01-13";"p"
89;5;0;20;0;30;0;20;0;30;0;30;0;70;"2024-01-13";"a"
90;5;6;20;23;30;2;20;27;30;11;30;48;70;"2024-01-13";"p"
91;5;0;20;0;30;0;20;0;30;0;30;0;70;"2024-01-13";"a"
92;5;0;20;0;30;0;20;0;30;0;30;0;70;"2024-01-13";"a"
93;5;0;20;0;30;0;20;0;30;0;30;0;70;"2024-01-13";"a"
94;5;0;20;0;30;0;20;0;30;0;30;0;70;"2024-01-13";"a"
95;5;7;20;18;30;15;20;13;30;6;30;21;70;"2024-01-13";"p"
96;5;3;20;9;30;16;20;23;30;2;30;15;70;"2024-01-13";"p"
97;5;2;20;12;30;13;20;21;30;24;30;11;70;"2024-01-13";"p"
98;5;7;20;10;30;2;20;22;30;2;30;24;70;"2024-01-13";"p"
99;5;0;20;0;30;0;20;0;30;0;30;0;70;"2024-01-13";"a"
100;5;18;20;9;30;18;20;6;30;12;30;56;70;"2024-01-13";"p"
101;5;0;20;0;30;0;20;0;30;0;30;0;70;"2024-01-13";"a"
102;5;0;20;0;30;0;20;0;30;0;30;0;70;"2024-01-13";"a"
103;5;0;20;0;30;0;20;0;30;0;30;0;70;"2024-01-13";"a"
104;5;0;20;0;30;0;20;0;30;0;30;0;70;"2024-01-13";"a"
105;5;0;20;0;30;0;20;0;30;0;30;0;70;"2024-01-13";"a"
106;5;9;20;30;30;3;20;14;30;22;30;37;70;"2024-01-13";"p"
107;5;8;20;10;30;20;20;22;30;23;30;33;70;"2024-01-13";"p"
108;5;3;20;27;30;13;20;29;30;7;30;4;70;"2024-01-13";"p"
109;5;0;20;0;30;0;20;0;30;0;30;0;70;"2024-01-13";"a"
110;5;0;20;0;30;0;20;0;30;0;30;0;70;"2024-01-13";"a"
111;5;0;20;0;30;0;20;0;30;0;30;0;70;"2024-01-13";"a"
112;5;5;20;2;30;19;20;26;30;12;30;41;70;"2024-01-13";"p"
113;5;12;20;6;30;19;20;22;30;14;30;66;70;"2024-01-13";"p"
114;5;0;20;0;30;0;20;0;30;0;30;0;70;"2024-01-13";"a"
115;5;11;20;29;30;14;20;17;30;27;30;61;70;"2024-01-13";"p"
116;5;0;20;0;30;0;20;0;30;0;30;0;70;"2024-01-13";"a"
117;5;9;20;5;30;15;20;19;30;26;30;1;70;"2024-01-13";"p"
118;5;0;20;0;30;0;20;0;30;0;30;0;70;"2024-01-13";"a"
119;5;2;20;15;30;10;20;12;30;23;30;22;70;"2024-01-13";"p"
120;5;8;20;12;30;15;20;25;30;28;30;24;70;"2024-01-13";"p"
121;5;0;20;0;30;0;20;0;30;0;30;0;70;"2024-01-13";"a"
122;5;0;20;0;30;0;20;0;30;0;30;0;70;"2024-01-13";"a"
123;5;0;20;0;30;0;20;0;30;0;30;0;70;"2024-01-13";"a"
124;5;16;20;9;30;2;20;26;30;15;30;31;70;"2024-01-13";"p"
125;5;1;20;4;30;9;20;13;30;27;30;65;70;"2024-01-13";"p"
126;5;0;20;0;30;0;20;0;30;0;30;0;70;"2024-01-13";"a"
127;5;0;20;0;30;0;20;0;30;0;30;0;70;"2024-01-13";"a"
128;5;5;20;18;30;1;20;8;30;6;30;6;70;"2024-01-13";"p"
129;5;0;20;0;30;0;20;0;30;0;30;0;70;"2024-01-13";"a"
130;5;0;20;0;30;0;20;0;30;0;30;0;70;"2024-01-13";"a"
131;5;0;20;0;30;0;20;0;30;0;30;0;70;"2024-01-13";"a"
132;5;0;20;0;30;0;20;0;30;0;30;0;70;"2024-01-13";"a"
133;5;5;20;14;30;12;20;27;30;13;30;14;70;"2024-01-13";"p"
134;5;20;20;10;30;8;20;27;30;25;30;41;70;"2024-01-13";"p"
135;5;2;20;15;30;12;20;6;30;11;30;40;70;"2024-01-13";"p"
136;5;0;20;0;30;0;20;0;30;0;30;0;70;"2024-01-13";"a"
137;5;3;20;8;30;20;20;16;30;8;30;20;70;"2024-01-13";"p"
138;5;0;20;0;30;0;20;0;30;0;30;0;70;"2024-01-13";"a"
139;5;0;20;0;30;0;20;0;30;0;30;0;70;"2024-01-13";"a"
140;5;17;20;16;30;15;20;2;30;16;30;40;70;"2024-01-13";"p"
141;5;0;20;0;30;0;20;0;30;0;30;0;70;"2024-01-13";"a"
142;5;19;20;5;30;7;20;23;30;24;30;34;70;"2024-01-13";"p"
143;5;0;20;0;30;0;20;0;30;0;30;0;70;"2024-01-13";"a"
144;5;0;20;0;30;0;20;0;30;0;30;0;70;"2024-01-13";"a"
145;5;20;20;30;30;15;20;29;30;15;30;15;70;"2024-01-13";"p"
146;5;0;20;0;30;0;20;0;30;0;30;0;70;"2024-01-13";"a"
147;5;2;20;7;30;5;20;27;30;10;30;38;70;"2024-01-13";"p"
148;5;0;20;0;30;0;20;0;30;0;30;0;70;"2024-01-13";"a"
149;5;0;20;0;30;0;20;0;30;0;30;0;70;"2024-01-13";"a"
150;5;12;20;17;30;17;20;28;30;13;30;52;70;"2024-01-13";"p"
151;5;19;20;4;30;7;20;18;30;8;30;48;70;"2024-01-13";"p"
152;5;0;20;0;30;0;20;0;30;0;30;0;70;"2024-01-13";"a"
153;5;3;20;7;30;5;20;21;30;5;30;66;70;"2024-01-13";"p"
154;5;4;20;28;30;14;20;17;30;11;30;17;70;"2024-01-13";"p"
155;5;14;20;4;30;2;20;6;30;8;30;21;70;"2024-01-13";"p"
156;5;5;20;15;30;4;20;21;30;21;30;53;70;"2024-01-13";"p"
157;5;9;20;28;30;13;20;7;30;24;30;2;70;"2024-01-13";"p"
158;5;10;20;23;30;11;20;30;30;12;30;17;70;"2024-01-13";"p"
159;5;0;20;0;30;0;20;0;30;0;30;0;70;"2024-01-13";"a"
160;5;0;20;0;30;0;20;0;30;0;30;0;70;"2024-01-13";"a"
161;5;0;20;0;30;0;20;0;30;0;30;0;70;"2024-01-13";"a"
162;5;3;20;24;30;19;20;24;30;24;30;1;70;"2024-01-13";"p"
163;5;3;20;3;30;9;20;25;30;15;30;48;70;"2024-01-13";"p"
164;5;18;20;8;30;7;20;30;30;9;30;8;70;"2024-01-13";"p"
165;5;4;20;4;30;6;20;10;30;25;30;27;70;"2024-01-13";"p"
166;5;15;20;9;30;18;20;12;30;30;30;53;70;"2024-01-13";"p"
167;5;0;20;0;30;0;20;0;30;0;30;0;70;"2024-01-13";"a"
168;5;0;20;0;30;0;20;0;30;0;30;0;70;"2024-01-13";"a"
169;5;0;20;0;30;0;20;0;30;0;30;0;70;"2024-01-13";"a"
170;5;0;20;0;30;0;20;0;30;0;30;0;70;"2024-01-13";"a"
171;5;3;20;8;30;14;20;3;30;18;30;44;70;"2024-01-13";"p"
172;5;0;20;0;30;0;20;0;30;0;30;0;70;"2024-01-13";"a"
173;5;11;20;14;30;13;20;16;30;30;30;48;70;"2024-01-13";"p"
174;5;16;20;25;30;18;20;5;30;6;30;48;70;"2024-01-13";"p"
175;5;20;20;23;30;20;20;23;30;2;30;11;70;"2024-01-13";"p"
176;5;2;20;17;30;1;20;11;30;26;30;36;70;"2024-01-13";"p"
177;5;15;20;25;30;14;20;2;30;14;30;35;70;"2024-01-13";"p"
178;5;11;20;29;30;16;20;4;30;6;30;40;70;"2024-01-13";"p"
179;5;0;20;0;30;0;20;0;30;0;30;0;70;"2024-01-13";"a"
180;5;0;20;0;30;0;20;0;30;0;30;0;70;"2024-01-13";"a"
181;5;12;20;13;30;7;20;22;30;10;30;5;70;"2024-01-13";"p"
182;5;0;20;0;30;0;20;0;30;0;30;0;70;"2024-01-13";"a"
183;5;2;20;22;30;6;20;6;30;9;30;40;70;"2024-01-13";"p"
184;5;16;20;22;30;6;20;19;30;19;30;25;70;"2024-01-13";"p"
185;5;0;20;0;30;0;20;0;30;0;30;0;70;"2024-01-13";"a"
186;5;1;20;25;30;8;20;30;30;1;30;53;70;"2024-01-13";"p"
187;5;19;20;29;30;9;20;8;30;29;30;37;70;"2024-01-13";"p"
188;5;15;20;22;30;18;20;7;30;19;30;23;70;"2024-01-13";"p"
189;5;2;20;25;30;14;20;24;30;19;30;29;70;"2024-01-13";"p"
190;5;0;20;0;30;0;20;0;30;0;30;0;70;"2024-01-13";"a"
191;5;20;20;14;30;13;20;2;30;4;30;18;70;"2024-01-13";"p"
192;5;13;20;4;30;19;20;16;30;6;30;28;70;"2024-01-13";"p"
193;5;6;20;4;30;11;20;7;30;25;30;17;70;"2024-01-13";"p"
194;5;0;20;0;30;0;20;0;30;0;30;0;70;"2024-01-13";"a"
195;5;0;20;0;30;0;20;0;30;0;30;0;70;"2024-01-13";"a"
196;5;11;20;22;30;10;20;9;30;2;30;57;70;"2024-01-13";"p"
197;5;3;20;3;30;6;20;1;30;21;30;38;70;"2024-01-13";"p"
198;5;0;20;0;30;0;20;0;30;0;30;0;70;"2024-01-13";"a"
199;5;0;20;0;30;0;20;0;30;0;30;0;70;"2024-01-13";"a"
200;5;10;20;11;30;11;20;14;30;7;30;56;70;"2024-01-13";"p"
1;6;0;20;0;30;0;20;0;30;0;30;0;70;"2024-01-13";"a"
2;6;0;20;0;30;0;20;0;30;0;30;0;70;"2024-01-13";"a"
3;6;0;20;0;30;0;20;0;30;0;30;0;70;"2024-01-13";"a"
4;6;5;20;9;30;14;20;17;30;14;30;41;70;"2024-01-13";"p"
5;6;0;20;0;30;0;20;0;30;0;30;0;70;"2024-01-13";"a"
6;6;0;20;0;30;0;20;0;30;0;30;0;70;"2024-01-13";"a"
7;6;3;20;10;30;16;20;5;30;29;30;10;70;"2024-01-13";"p"
8;6;0;20;0;30;0;20;0;30;0;30;0;70;"2024-01-13";"a"
9;6;0;20;0;30;0;20;0;30;0;30;0;70;"2024-01-13";"a"
10;6;0;20;0;30;0;20;0;30;0;30;0;70;"2024-01-13";"a"
11;6;14;20;5;30;3;20;15;30;30;30;25;70;"2024-01-13";"p"
12;6;0;20;0;30;0;20;0;30;0;30;0;70;"2024-01-13";"a"
13;6;19;20;16;30;6;20;11;30;3;30;49;70;"2024-01-13";"p"
14;6;0;20;0;30;0;20;0;30;0;30;0;70;"2024-01-13";"a"
15;6;20;20;26;30;18;20;2;30;29;30;26;70;"2024-01-13";"p"
16;6;0;20;0;30;0;20;0;30;0;30;0;70;"2024-01-13";"a"
17;6;1;20;2;30;14;20;5;30;11;30;42;70;"2024-01-13";"p"
18;6;0;20;0;30;0;20;0;30;0;30;0;70;"2024-01-13";"a"
19;6;0;20;0;30;0;20;0;30;0;30;0;70;"2024-01-13";"a"
20;6;0;20;0;30;0;20;0;30;0;30;0;70;"2024-01-13";"a"
21;6;17;20;22;30;17;20;2;30;23;30;32;70;"2024-01-13";"p"
22;6;14;20;28;30;17;20;1;30;4;30;64;70;"2024-01-13";"p"
23;6;0;20;0;30;0;20;0;30;0;30;0;70;"2024-01-13";"a"
24;6;7;20;29;30;18;20;19;30;29;30;45;70;"2024-01-13";"p"
25;6;18;20;28;30;17;20;5;30;19;30;27;70;"2024-01-13";"p"
26;6;5;20;5;30;12;20;10;30;28;30;43;70;"2024-01-13";"p"
27;6;15;20;11;30;11;20;6;30;29;30;19;70;"2024-01-13";"p"
28;6;0;20;0;30;0;20;0;30;0;30;0;70;"2024-01-13";"a"
29;6;0;20;0;30;0;20;0;30;0;30;0;70;"2024-01-13";"a"
30;6;1;20;4;30;14;20;18;30;12;30;68;70;"2024-01-13";"p"
31;6;0;20;0;30;0;20;0;30;0;30;0;70;"2024-01-13";"a"
32;6;0;20;0;30;0;20;0;30;0;30;0;70;"2024-01-13";"a"
33;6;17;20;13;30;1;20;15;30;30;30;62;70;"2024-01-13";"p"
34;6;0;20;0;30;0;20;0;30;0;30;0;70;"2024-01-13";"a"
35;6;0;20;0;30;0;20;0;30;0;30;0;70;"2024-01-13";"a"
36;6;0;20;0;30;0;20;0;30;0;30;0;70;"2024-01-13";"a"
37;6;4;20;24;30;4;20;10;30;13;30;42;70;"2024-01-13";"p"
38;6;0;20;0;30;0;20;0;30;0;30;0;70;"2024-01-13";"a"
39;6;19;20;6;30;6;20;14;30;19;30;44;70;"2024-01-13";"p"
40;6;13;20;4;30;16;20;17;30;13;30;6;70;"2024-01-13";"p"
41;6;6;20;4;30;20;20;1;30;13;30;64;70;"2024-01-13";"p"
42;6;0;20;0;30;0;20;0;30;0;30;0;70;"2024-01-13";"a"
43;6;13;20;29;30;5;20;27;30;14;30;1;70;"2024-01-13";"p"
44;6;0;20;0;30;0;20;0;30;0;30;0;70;"2024-01-13";"a"
45;6;0;20;0;30;0;20;0;30;0;30;0;70;"2024-01-13";"a"
46;6;8;20;17;30;17;20;28;30;12;30;59;70;"2024-01-13";"p"
47;6;9;20;22;30;15;20;14;30;25;30;32;70;"2024-01-13";"p"
48;6;0;20;0;30;0;20;0;30;0;30;0;70;"2024-01-13";"a"
49;6;0;20;0;30;0;20;0;30;0;30;0;70;"2024-01-13";"a"
50;6;3;20;25;30;8;20;10;30;12;30;55;70;"2024-01-13";"p"
51;6;0;20;0;30;0;20;0;30;0;30;0;70;"2024-01-13";"a"
52;6;7;20;25;30;2;20;1;30;19;30;56;70;"2024-01-13";"p"
53;6;9;20;21;30;17;20;13;30;25;30;35;70;"2024-01-13";"p"
54;6;6;20;19;30;19;20;14;30;7;30;63;70;"2024-01-13";"p"
55;6;0;20;0;30;0;20;0;30;0;30;0;70;"2024-01-13";"a"
56;6;0;20;0;30;0;20;0;30;0;30;0;70;"2024-01-13";"a"
57;6;0;20;0;30;0;20;0;30;0;30;0;70;"2024-01-13";"a"
58;6;0;20;0;30;0;20;0;30;0;30;0;70;"2024-01-13";"a"
59;6;0;20;0;30;0;20;0;30;0;30;0;70;"2024-01-13";"a"
60;6;0;20;0;30;0;20;0;30;0;30;0;70;"2024-01-13";"a"
61;6;2;20;28;30;10;20;1;30;26;30;1;70;"2024-01-13";"p"
62;6;9;20;26;30;15;20;1;30;30;30;67;70;"2024-01-13";"p"
63;6;0;20;0;30;0;20;0;30;0;30;0;70;"2024-01-13";"a"
64;6;0;20;0;30;0;20;0;30;0;30;0;70;"2024-01-13";"a"
65;6;0;20;0;30;0;20;0;30;0;30;0;70;"2024-01-13";"a"
66;6;5;20;1;30;9;20;30;30;16;30;20;70;"2024-01-13";"p"
67;6;0;20;0;30;0;20;0;30;0;30;0;70;"2024-01-13";"a"
68;6;0;20;0;30;0;20;0;30;0;30;0;70;"2024-01-13";"a"
69;6;8;20;1;30;4;20;11;30;11;30;21;70;"2024-01-13";"p"
70;6;0;20;0;30;0;20;0;30;0;30;0;70;"2024-01-13";"a"
71;6;0;20;0;30;0;20;0;30;0;30;0;70;"2024-01-13";"a"
72;6;0;20;0;30;0;20;0;30;0;30;0;70;"2024-01-13";"a"
73;6;0;20;0;30;0;20;0;30;0;30;0;70;"2024-01-13";"a"
74;6;0;20;0;30;0;20;0;30;0;30;0;70;"2024-01-13";"a"
75;6;0;20;0;30;0;20;0;30;0;30;0;70;"2024-01-13";"a"
76;6;0;20;0;30;0;20;0;30;0;30;0;70;"2024-01-13";"a"
77;6;0;20;0;30;0;20;0;30;0;30;0;70;"2024-01-13";"a"
78;6;0;20;0;30;0;20;0;30;0;30;0;70;"2024-01-13";"a"
79;6;0;20;0;30;0;20;0;30;0;30;0;70;"2024-01-13";"a"
80;6;16;20;9;30;17;20;2;30;4;30;45;70;"2024-01-13";"p"
81;6;0;20;0;30;0;20;0;30;0;30;0;70;"2024-01-13";"a"
82;6;0;20;0;30;0;20;0;30;0;30;0;70;"2024-01-13";"a"
83;6;0;20;0;30;0;20;0;30;0;30;0;70;"2024-01-13";"a"
84;6;0;20;0;30;0;20;0;30;0;30;0;70;"2024-01-13";"a"
85;6;0;20;0;30;0;20;0;30;0;30;0;70;"2024-01-13";"a"
86;6;12;20;11;30;3;20;16;30;21;30;38;70;"2024-01-13";"p"
87;6;7;20;21;30;17;20;28;30;11;30;13;70;"2024-01-13";"p"
88;6;3;20;17;30;11;20;22;30;2;30;7;70;"2024-01-13";"p"
89;6;11;20;6;30;13;20;28;30;15;30;28;70;"2024-01-13";"p"
90;6;0;20;0;30;0;20;0;30;0;30;0;70;"2024-01-13";"a"
91;6;9;20;3;30;6;20;25;30;19;30;51;70;"2024-01-13";"p"
92;6;0;20;0;30;0;20;0;30;0;30;0;70;"2024-01-13";"a"
93;6;5;20;25;30;7;20;8;30;21;30;8;70;"2024-01-13";"p"
94;6;10;20;9;30;3;20;22;30;9;30;30;70;"2024-01-13";"p"
95;6;0;20;0;30;0;20;0;30;0;30;0;70;"2024-01-13";"a"
96;6;0;20;0;30;0;20;0;30;0;30;0;70;"2024-01-13";"a"
97;6;0;20;0;30;0;20;0;30;0;30;0;70;"2024-01-13";"a"
98;6;20;20;30;30;9;20;20;30;17;30;14;70;"2024-01-13";"p"
99;6;15;20;11;30;17;20;14;30;6;30;2;70;"2024-01-13";"p"
100;6;15;20;23;30;3;20;21;30;7;30;25;70;"2024-01-13";"p"
101;6;14;20;18;30;11;20;25;30;11;30;17;70;"2024-01-13";"p"
102;6;20;20;28;30;13;20;15;30;25;30;55;70;"2024-01-13";"p"
103;6;5;20;9;30;13;20;3;30;26;30;27;70;"2024-01-13";"p"
104;6;0;20;0;30;0;20;0;30;0;30;0;70;"2024-01-13";"a"
105;6;12;20;27;30;16;20;7;30;21;30;68;70;"2024-01-13";"p"
106;6;0;20;0;30;0;20;0;30;0;30;0;70;"2024-01-13";"a"
107;6;15;20;8;30;17;20;26;30;8;30;56;70;"2024-01-13";"p"
108;6;20;20;5;30;10;20;19;30;13;30;25;70;"2024-01-13";"p"
109;6;10;20;7;30;20;20;24;30;6;30;8;70;"2024-01-13";"p"
110;6;11;20;1;30;1;20;2;30;18;30;64;70;"2024-01-13";"p"
111;6;0;20;0;30;0;20;0;30;0;30;0;70;"2024-01-13";"a"
112;6;13;20;23;30;5;20;4;30;7;30;21;70;"2024-01-13";"p"
113;6;16;20;12;30;13;20;29;30;22;30;66;70;"2024-01-13";"p"
114;6;0;20;0;30;0;20;0;30;0;30;0;70;"2024-01-13";"a"
115;6;0;20;0;30;0;20;0;30;0;30;0;70;"2024-01-13";"a"
116;6;17;20;10;30;1;20;9;30;28;30;20;70;"2024-01-13";"p"
117;6;18;20;27;30;11;20;3;30;6;30;12;70;"2024-01-13";"p"
118;6;0;20;0;30;0;20;0;30;0;30;0;70;"2024-01-13";"a"
119;6;0;20;0;30;0;20;0;30;0;30;0;70;"2024-01-13";"a"
120;6;0;20;0;30;0;20;0;30;0;30;0;70;"2024-01-13";"a"
121;6;0;20;0;30;0;20;0;30;0;30;0;70;"2024-01-13";"a"
122;6;0;20;0;30;0;20;0;30;0;30;0;70;"2024-01-13";"a"
123;6;17;20;10;30;15;20;19;30;30;30;57;70;"2024-01-13";"p"
124;6;0;20;0;30;0;20;0;30;0;30;0;70;"2024-01-13";"a"
125;6;0;20;0;30;0;20;0;30;0;30;0;70;"2024-01-13";"a"
126;6;0;20;0;30;0;20;0;30;0;30;0;70;"2024-01-13";"a"
127;6;0;20;0;30;0;20;0;30;0;30;0;70;"2024-01-13";"a"
128;6;0;20;0;30;0;20;0;30;0;30;0;70;"2024-01-13";"a"
129;6;0;20;0;30;0;20;0;30;0;30;0;70;"2024-01-13";"a"
130;6;0;20;0;30;0;20;0;30;0;30;0;70;"2024-01-13";"a"
131;6;3;20;17;30;13;20;7;30;6;30;20;70;"2024-01-13";"p"
132;6;20;20;8;30;16;20;17;30;2;30;16;70;"2024-01-13";"p"
133;6;11;20;8;30;16;20;17;30;14;30;54;70;"2024-01-13";"p"
134;6;15;20;19;30;13;20;26;30;15;30;31;70;"2024-01-13";"p"
135;6;0;20;0;30;0;20;0;30;0;30;0;70;"2024-01-13";"a"
136;6;0;20;0;30;0;20;0;30;0;30;0;70;"2024-01-13";"a"
137;6;0;20;0;30;0;20;0;30;0;30;0;70;"2024-01-13";"a"
138;6;13;20;8;30;10;20;23;30;19;30;62;70;"2024-01-13";"p"
139;6;19;20;8;30;14;20;14;30;26;30;61;70;"2024-01-13";"p"
140;6;19;20;25;30;8;20;4;30;1;30;9;70;"2024-01-13";"p"
141;6;10;20;20;30;15;20;9;30;10;30;69;70;"2024-01-13";"p"
142;6;0;20;0;30;0;20;0;30;0;30;0;70;"2024-01-13";"a"
143;6;0;20;0;30;0;20;0;30;0;30;0;70;"2024-01-13";"a"
144;6;3;20;7;30;4;20;17;30;14;30;3;70;"2024-01-13";"p"
145;6;0;20;0;30;0;20;0;30;0;30;0;70;"2024-01-13";"a"
146;6;0;20;0;30;0;20;0;30;0;30;0;70;"2024-01-13";"a"
147;6;0;20;0;30;0;20;0;30;0;30;0;70;"2024-01-13";"a"
148;6;20;20;15;30;8;20;10;30;12;30;7;70;"2024-01-13";"p"
149;6;11;20;16;30;13;20;1;30;8;30;49;70;"2024-01-13";"p"
150;6;6;20;9;30;10;20;9;30;7;30;5;70;"2024-01-13";"p"
151;6;0;20;0;30;0;20;0;30;0;30;0;70;"2024-01-13";"a"
152;6;1;20;9;30;8;20;18;30;9;30;65;70;"2024-01-13";"p"
153;6;0;20;0;30;0;20;0;30;0;30;0;70;"2024-01-13";"a"
154;6;14;20;18;30;15;20;19;30;28;30;6;70;"2024-01-13";"p"
155;6;0;20;0;30;0;20;0;30;0;30;0;70;"2024-01-13";"a"
156;6;0;20;0;30;0;20;0;30;0;30;0;70;"2024-01-13";"a"
157;6;10;20;3;30;15;20;21;30;16;30;7;70;"2024-01-13";"p"
158;6;5;20;16;30;8;20;9;30;28;30;10;70;"2024-01-13";"p"
159;6;12;20;21;30;18;20;5;30;20;30;3;70;"2024-01-13";"p"
160;6;0;20;0;30;0;20;0;30;0;30;0;70;"2024-01-13";"a"
161;6;0;20;0;30;0;20;0;30;0;30;0;70;"2024-01-13";"a"
162;6;0;20;0;30;0;20;0;30;0;30;0;70;"2024-01-13";"a"
163;6;20;20;21;30;12;20;20;30;29;30;62;70;"2024-01-13";"p"
164;6;20;20;2;30;5;20;1;30;20;30;48;70;"2024-01-13";"p"
165;6;0;20;0;30;0;20;0;30;0;30;0;70;"2024-01-13";"a"
166;6;2;20;9;30;19;20;8;30;21;30;28;70;"2024-01-13";"p"
167;6;5;20;6;30;19;20;9;30;11;30;44;70;"2024-01-13";"p"
168;6;0;20;0;30;0;20;0;30;0;30;0;70;"2024-01-13";"a"
169;6;0;20;0;30;0;20;0;30;0;30;0;70;"2024-01-13";"a"
170;6;1;20;8;30;6;20;26;30;5;30;6;70;"2024-01-13";"p"
171;6;19;20;22;30;16;20;29;30;21;30;29;70;"2024-01-13";"p"
172;6;12;20;16;30;18;20;11;30;16;30;6;70;"2024-01-13";"p"
173;6;18;20;12;30;17;20;2;30;9;30;61;70;"2024-01-13";"p"
174;6;0;20;0;30;0;20;0;30;0;30;0;70;"2024-01-13";"a"
175;6;0;20;0;30;0;20;0;30;0;30;0;70;"2024-01-13";"a"
176;6;0;20;0;30;0;20;0;30;0;30;0;70;"2024-01-13";"a"
177;6;0;20;0;30;0;20;0;30;0;30;0;70;"2024-01-13";"a"
178;6;0;20;0;30;0;20;0;30;0;30;0;70;"2024-01-13";"a"
179;6;4;20;23;30;9;20;29;30;20;30;39;70;"2024-01-13";"p"
180;6;0;20;0;30;0;20;0;30;0;30;0;70;"2024-01-13";"a"
181;6;0;20;0;30;0;20;0;30;0;30;0;70;"2024-01-13";"a"
182;6;6;20;28;30;5;20;28;30;28;30;54;70;"2024-01-13";"p"
183;6;11;20;27;30;12;20;24;30;13;30;52;70;"2024-01-13";"p"
184;6;0;20;0;30;0;20;0;30;0;30;0;70;"2024-01-13";"a"
185;6;2;20;11;30;8;20;21;30;28;30;48;70;"2024-01-13";"p"
186;6;0;20;0;30;0;20;0;30;0;30;0;70;"2024-01-13";"a"
187;6;17;20;29;30;14;20;5;30;1;30;65;70;"2024-01-13";"p"
188;6;0;20;0;30;0;20;0;30;0;30;0;70;"2024-01-13";"a"
189;6;0;20;0;30;0;20;0;30;0;30;0;70;"2024-01-13";"a"
190;6;6;20;1;30;8;20;26;30;28;30;55;70;"2024-01-13";"p"
191;6;0;20;0;30;0;20;0;30;0;30;0;70;"2024-01-13";"a"
192;6;18;20;29;30;19;20;7;30;6;30;47;70;"2024-01-13";"p"
193;6;8;20;22;30;6;20;21;30;1;30;33;70;"2024-01-13";"p"
194;6;0;20;0;30;0;20;0;30;0;30;0;70;"2024-01-13";"a"
195;6;20;20;3;30;1;20;6;30;14;30;36;70;"2024-01-13";"p"
196;6;2;20;12;30;14;20;16;30;23;30;7;70;"2024-01-13";"p"
197;6;8;20;2;30;10;20;26;30;18;30;25;70;"2024-01-13";"p"
198;6;13;20;9;30;14;20;9;30;15;30;31;70;"2024-01-13";"p"
199;6;15;20;27;30;7;20;23;30;18;30;28;70;"2024-01-13";"p"
200;6;0;20;0;30;0;20;0;30;0;30;0;70;"2024-01-13";"a"
